"Board: F8:F0:5:E9:F:70","Recording: n1335_s6528_c1_mowalk_tb1","Started: 2018-10-29_20:14:00"
0,1,2,3,4,5,6,7,8,9,10,11,12,13,14,15,16,17,18,19,20,21,22,23,24,25,26,27,28,29,30,31,32,33,34
304695,0,91,-1,91,-1,90,-1,90,-1,89,0,70,0,70,0,70,0,70,0,69,0,22,0,22,0,23,0,23,0,24,34,304723,56731,0
304726,-1,89,-2,89,-2,88,-3,88,-3,88,0,69,0,69,0,69,0,69,0,69,0,24,0,24,0,24,0,24,0,24,34,304761,57302,0
305265,-4,92,-4,92,-4,92,-4,92,-4,93,0,67,0,67,0,67,0,67,0,67,-1,9,-1,9,-1,9,-1,9,-1,10,34,305298,57312,0
305301,-4,93,-4,93,-4,93,-3,93,-3,93,0,67,0,67,0,67,0,67,0,67,0,10,0,10,0,10,0,10,0,10,34,305329,57339,0
305367,-2,94,-2,94,-1,94,0,94,0,94,0,67,0,67,0,67,0,67,1,67,0,12,0,12,1,13,1,13,1,13,34,305405,40,0
305408,0,94,0,94,1,94,1,94,1,94,1,67,1,67,1,67,1,67,1,67,1,13,2,14,2,14,2,14,2,14,34,305438,77,0
305445,1,94,2,94,2,94,2,93,2,93,1,67,0,67,0,67,0,67,0,67,2,14,2,14,2,14,2,14,2,14,34,305473,108,0
305476,2,93,3,93,7,93,7,93,7,93,0,67,0,66,0,66,0,66,0,66,2,14,2,14,3,13,2,13,2,13,34,305511,147,0
305515,5,92,4,92,3,92,3,92,2,91,-1,65,-1,65,-2,65,-2,65,-2,64,1,13,0,13,0,13,0,13,0,13,34,305548,183,0
305551,2,91,2,91,3,90,3,90,3,90,-2,64,-2,64,-2,64,-1,64,-1,64,0,13,0,13,-1,14,0,14,0,14,34,305580,217,0
305585,3,89,3,89,3,89,2,89,1,88,-1,64,-1,64,-1,64,-1,64,-1,64,0,14,0,14,0,14,0,15,0,15,34,305615,250,0
305618,1,88,1,88,0,87,0,87,0,86,-1,64,-1,64,0,64,0,64,0,64,0,15,0,15,0,16,0,16,0,16,34,305655,290,0
305658,0,86,-1,86,-2,86,-2,86,-2,85,0,64,0,64,0,64,0,64,0,64,0,16,0,17,0,17,-1,17,-1,17,34,305688,327,0
305695,-3,85,-3,85,-3,85,-4,84,-5,84,0,64,0,63,0,63,0,63,0,63,-1,17,-1,17,-1,17,-1,17,-1,17,34,305724,359,0
305766,-6,84,-5,83,-5,83,-5,83,-5,83,0,63,0,63,0,63,0,63,0,63,-1,17,-1,16,-1,16,-1,16,-1,16,34,305798,433,0
305802,-4,83,-4,83,-4,83,-3,83,-2,83,0,63,0,63,0,64,0,64,0,64,-1,15,-1,15,0,15,0,14,0,14,34,305830,467,0
305835,-2,83,-2,83,-2,83,-1,83,0,83,0,64,0,64,0,64,0,64,0,65,0,14,0,13,0,13,0,12,1,12,34,305865,501,0
305868,0,83,0,84,1,84,2,84,3,84,0,65,0,65,-1,65,-1,65,-1,65,1,12,1,11,2,11,2,10,2,10,34,305905,540,0
305908,3,84,3,84,3,84,3,84,3,84,-1,65,-1,66,0,66,0,66,0,65,2,10,3,9,2,9,2,9,2,9,34,305938,577,0
305944,2,84,3,84,3,84,5,85,6,85,0,65,0,65,0,65,0,65,0,65,2,8,2,8,2,8,3,8,3,8,34,305972,607,0
305975,6,85,6,86,3,86,2,86,2,86,0,65,1,64,2,64,2,64,2,64,3,8,2,8,0,7,0,7,0,7,34,306010,645,0
306013,1,87,1,87,1,87,1,87,1,88,2,63,2,63,2,63,1,63,1,63,0,6,0,6,0,6,0,6,-1,5,34,306047,682,0
306050,1,88,1,88,2,88,1,88,1,88,1,63,1,63,0,63,0,63,0,63,-1,5,-1,5,-1,5,-1,5,0,5,34,306079,716,0
306084,1,88,1,88,1,88,1,88,0,88,0,63,0,64,0,64,0,64,0,64,0,5,0,5,0,5,0,5,0,5,34,306113,748,0
306116,0,88,0,89,0,89,-1,89,-1,89,0,64,0,64,0,64,0,64,0,64,0,5,0,5,0,5,0,5,0,5,34,306154,789,0
306157,-1,89,-2,89,-2,89,-2,89,-3,89,0,64,0,64,0,64,0,64,0,64,0,5,-1,5,-1,5,-1,5,-1,6,34,306187,826,0
306194,-3,89,-3,89,-4,89,-4,89,-4,89,0,64,0,64,0,64,0,64,0,64,-1,6,-1,6,-1,6,-1,6,-1,6,34,306222,857,0
306225,-4,89,-5,89,-5,89,-4,89,-4,89,0,64,0,63,0,63,0,63,0,63,-1,6,-1,6,-1,6,-1,7,-1,7,34,306260,895,0
306263,-4,89,-4,89,-4,89,-3,89,-3,89,0,63,0,63,0,63,0,63,0,63,-1,7,0,7,0,7,0,8,0,8,34,306297,932,0
306300,-3,89,-3,89,-2,89,-2,89,-2,89,0,63,0,63,0,63,0,63,0,63,0,8,0,9,0,9,0,9,0,9,34,306329,966,0
306334,-2,89,0,89,0,89,0,89,0,89,0,63,0,64,0,64,0,64,0,64,0,10,0,10,0,10,1,10,1,10,34,306363,998,0
306366,0,89,1,89,2,89,2,89,2,89,0,64,0,64,0,64,0,64,1,64,1,10,1,11,2,11,2,11,2,11,34,306404,1039,0
306407,2,89,2,89,2,89,2,89,2,89,1,64,1,63,1,63,1,63,1,63,2,11,2,11,2,11,2,11,2,11,34,306437,1076,0
306444,3,88,6,88,6,88,6,88,4,88,1,63,0,63,0,63,0,62,0,62,3,10,4,10,4,10,3,10,1,10,34,306472,1107,0
306475,4,88,2,88,2,87,1,87,1,87,0,62,-1,62,-1,61,-1,61,-1,61,1,10,0,9,0,9,0,10,0,10,34,306510,1145,0
306514,1,87,2,87,2,87,2,87,2,86,-1,61,-1,61,-1,61,-1,61,-1,61,0,10,0,10,0,10,0,10,0,10,34,306547,1182,0
306550,2,86,2,86,1,86,1,86,0,86,-1,61,-1,61,-1,61,-1,61,-1,61,0,10,0,10,0,10,0,10,0,10,34,306579,1216,0
306657,-2,84,-3,84,-3,83,-4,83,-4,83,0,62,0,62,0,61,0,61,0,61,0,11,0,11,0,11,-1,11,-1,10,34,306687,1326,0
306764,-4,83,-3,83,-3,83,-3,83,-3,84,0,61,0,61,0,61,0,62,0,62,0,9,0,9,0,9,0,9,0,9,34,306797,1432,0
306800,-2,84,-2,84,-1,84,-1,84,0,84,0,62,0,62,0,62,0,63,0,63,0,9,0,8,0,8,1,8,1,8,34,306828,1466,0
306834,0,84,1,84,1,84,1,84,2,85,0,63,0,63,0,63,0,63,0,63,1,8,1,8,1,8,2,7,2,7,34,306862,1497,0
306865,2,85,2,85,3,85,3,85,3,85,0,63,0,64,0,64,0,64,0,64,2,7,2,7,2,7,2,7,1,6,34,306897,1532,0
306900,3,85,3,85,4,85,5,85,6,85,0,64,0,63,-1,63,0,63,0,63,1,6,1,6,2,6,3,6,3,6,34,306928,1566,0
306934,6,85,4,85,4,85,3,86,3,86,0,63,1,63,1,63,1,62,1,62,3,6,0,6,0,6,-1,6,-1,6,34,306962,1597,0
306965,3,86,2,86,2,86,2,86,2,86,1,62,1,62,1,62,2,62,2,61,-1,6,-1,6,-1,6,-1,6,-1,6,34,306997,1632,0
307000,2,86,2,86,3,86,2,86,2,86,1,61,1,61,1,62,1,62,1,62,-1,6,-1,6,-1,6,-1,6,-1,6,34,307028,1666,0
307034,2,86,1,86,1,86,1,86,0,86,1,62,1,62,0,62,0,62,0,62,-1,6,-1,6,0,6,0,6,0,6,34,307064,1699,0
307067,0,86,0,86,0,86,0,86,-1,86,0,62,0,62,0,62,0,61,0,61,0,6,0,6,0,6,0,6,0,6,34,307104,1739,0
307107,-1,86,-1,86,-2,87,-3,87,-3,87,0,61,0,61,0,61,0,61,0,61,0,6,0,6,0,7,0,7,0,7,34,307137,1775,0
307144,-3,87,-4,87,-4,87,-4,87,-4,87,0,61,0,61,0,61,0,61,0,61,0,7,0,7,0,7,0,7,-1,7,34,307172,1807,0
307175,-4,87,-5,87,-5,87,-5,87,-5,87,0,61,0,60,0,60,0,60,0,60,-1,7,-1,8,-1,8,-1,8,-1,8,34,307210,1846,0
307214,-4,88,-4,88,-4,88,-4,88,-3,88,0,60,0,60,0,60,0,61,0,61,-1,8,0,8,0,8,0,9,0,9,34,307247,1882,0
307250,-3,88,-3,88,-2,88,-2,88,-2,88,0,61,0,61,0,61,0,61,0,61,0,9,0,9,0,10,0,10,0,10,34,307278,1915,0
307284,-2,88,0,88,0,88,0,88,0,88,0,61,0,61,0,61,0,62,0,62,0,10,0,11,0,11,1,11,1,11,34,307312,1948,0
307315,0,88,0,88,1,88,1,88,2,88,0,62,0,62,0,62,0,62,0,62,1,11,1,11,1,11,2,11,2,11,34,307353,1988,0
307356,2,88,2,88,2,88,2,88,2,88,0,62,0,62,1,62,1,62,1,62,2,11,2,12,1,12,1,12,2,12,34,307386,2025,0
307393,3,88,6,88,6,88,6,88,5,88,1,61,0,61,0,61,0,61,0,61,2,12,4,12,4,11,3,11,1,11,34,307421,2056,0
307462,1,87,1,87,1,87,2,87,2,86,-2,60,-2,60,-2,60,-1,60,-1,60,0,10,0,10,0,10,0,10,0,10,34,307496,2131,0
307499,2,86,2,86,2,86,1,86,1,86,-1,60,-1,60,-1,61,-1,61,-1,61,0,10,0,10,0,10,0,10,0,10,34,307528,2165,0
307533,1,86,1,85,1,85,0,85,0,85,-1,61,0,61,0,61,0,61,0,61,0,10,0,10,0,10,0,11,0,11,34,307563,2198,0
307566,0,85,0,84,0,84,-1,84,-1,83,0,61,0,61,0,61,0,61,0,61,0,11,0,11,0,11,0,11,0,11,34,307603,2238,0
307606,-1,83,-2,83,-3,83,-3,83,-3,82,0,61,0,61,0,61,0,61,0,61,0,11,0,11,0,11,0,11,-1,11,34,307636,2275,0
307643,-4,82,-4,82,-4,82,-5,82,-5,81,0,61,0,61,0,61,0,61,0,61,-1,11,-1,11,-1,11,-1,11,-1,11,34,307671,2306,0
307674,-5,81,-5,81,-5,81,-5,81,-5,81,0,61,0,61,0,61,0,61,0,61,-1,11,-1,11,-1,10,-1,10,-1,10,34,307709,2344,0
307712,-4,81,-4,81,-4,81,-3,81,-3,81,0,61,0,61,0,61,0,61,0,62,-1,10,0,10,0,10,0,9,0,9,34,307746,2381,0
307749,-2,81,-2,81,-1,81,-1,81,0,81,0,62,0,62,0,62,0,62,0,62,0,9,0,9,0,8,0,8,1,8,34,307778,2415,0
307783,0,81,0,81,0,81,1,81,2,82,0,63,0,63,0,63,0,63,0,63,1,8,1,8,1,8,2,8,2,7,34,307812,2447,0
307815,2,82,2,82,3,82,3,82,3,82,0,63,0,64,0,64,0,64,0,64,2,7,2,7,2,7,2,7,1,7,34,307853,2488,0
307856,3,82,2,82,3,82,4,82,4,82,0,64,0,64,-1,63,0,63,0,63,1,7,1,6,2,6,2,6,2,6,34,307886,2525,0
307893,5,82,5,82,4,83,3,83,2,83,0,63,0,63,1,63,1,63,1,62,1,6,1,6,0,6,0,6,0,6,34,307921,2556,0
307924,2,83,2,83,1,84,1,84,1,84,1,62,1,62,1,62,1,62,1,62,0,6,-1,6,-1,6,-1,6,-1,6,34,307959,2594,0
307963,1,84,2,84,2,84,2,84,1,84,1,62,0,62,0,62,0,62,0,62,-1,6,-1,6,-1,6,-1,6,-1,6,34,307996,2631,0
307999,0,84,0,84,0,85,0,85,0,85,1,62,1,62,0,62,0,63,0,63,0,6,0,6,0,6,0,6,0,6,34,308027,2665,0
308033,0,85,0,85,0,85,0,85,0,86,0,63,0,63,0,63,0,63,0,63,0,6,0,6,0,6,0,6,0,6,34,308061,2696,0
308064,0,86,-1,86,-1,86,-1,86,-2,86,0,63,0,63,0,63,0,63,0,63,0,6,0,6,0,6,0,6,0,6,34,308096,2731,0
308099,-2,86,-2,87,-3,87,-3,87,-3,87,0,63,0,63,0,63,0,63,0,63,0,6,0,6,-1,6,0,6,-1,6,34,308127,2765,0
308133,-3,87,-4,88,-4,88,-4,88,-4,88,0,63,0,63,0,63,0,63,0,63,-1,6,-1,6,-1,6,-1,6,-1,6,34,308161,2796,0
308164,-4,88,-4,88,-4,88,-3,88,-3,89,0,63,0,63,0,63,0,63,0,64,-1,6,-1,7,-1,7,-1,7,0,7,34,308202,2837,0
308205,-3,89,-2,89,-2,89,-2,89,-2,89,0,64,0,64,0,64,0,64,0,64,0,7,0,8,0,8,0,8,0,8,34,308236,2874,0
308243,-2,89,-1,90,-1,90,0,90,0,90,0,64,0,64,0,64,0,64,0,64,0,9,0,9,0,9,0,9,0,9,34,308273,2908,0
308276,1,90,1,90,1,90,1,90,1,90,0,64,0,64,0,64,0,64,0,64,1,9,1,10,1,10,1,10,1,10,34,308310,2945,0
308313,1,90,1,90,1,91,1,91,2,91,0,64,1,64,1,64,1,64,1,63,1,10,1,10,1,10,1,10,2,10,34,308351,2986,0
308354,2,91,4,91,5,91,5,91,5,90,1,63,0,63,0,63,0,63,0,63,2,10,3,10,3,10,3,9,2,8,34,308386,3025,0
308393,3,90,2,90,2,90,1,90,1,90,-1,62,-1,62,-1,62,-1,62,-2,61,0,8,0,8,0,8,0,7,0,7,34,308422,3057,0
308425,1,90,1,90,2,90,2,89,2,89,-2,61,-1,61,-1,61,-1,61,-1,61,0,7,0,7,0,7,0,7,0,7,34,308460,3095,0
308463,2,89,1,89,1,89,1,89,1,88,-1,61,-1,61,-1,61,-1,61,-1,61,0,8,0,8,0,8,0,8,0,8,34,308496,3131,0
308499,1,88,1,88,0,88,0,88,0,88,-1,61,-1,61,0,61,0,61,0,61,0,8,0,8,0,9,0,9,0,9,34,308527,3164,0
308532,0,87,0,87,0,87,0,87,-1,87,0,61,0,61,0,61,0,61,0,61,0,9,0,10,0,10,0,10,0,10,34,308561,3196,0
308564,-1,87,-2,86,-2,86,-2,86,-3,86,0,61,0,61,0,61,0,61,0,61,0,10,0,10,0,10,0,10,-1,10,34,308601,3236,0
308604,-3,86,-4,85,-4,85,-4,85,-5,85,0,61,0,61,0,61,0,61,0,61,-1,10,-1,10,-1,10,-1,10,-1,10,34,308635,3274,0
308642,-5,85,-5,85,-5,85,-4,85,-4,85,0,61,0,60,0,60,0,61,0,61,-1,10,-1,10,-1,10,-1,10,-1,9,34,308671,3306,0
308674,-4,85,-4,85,-3,85,-3,85,-2,85,0,61,0,61,0,61,0,61,0,61,-1,9,0,9,0,8,0,8,0,8,34,308709,3344,0
308713,-2,85,-2,85,-1,85,-1,85,0,85,0,61,0,61,0,61,0,62,0,62,0,7,0,7,0,7,0,6,1,6,34,308746,3381,0
308749,0,85,0,85,1,85,1,85,2,85,0,62,0,62,0,63,0,63,0,63,1,6,1,6,1,5,1,5,2,5,34,308777,3414,0
308782,2,85,2,85,2,85,2,86,2,86,0,63,0,63,0,63,0,63,0,63,2,5,2,5,2,5,2,5,2,4,34,308810,3445,0
308813,2,86,2,86,2,86,2,86,3,86,0,63,0,63,0,63,0,63,0,63,2,4,1,4,2,4,2,4,2,4,34,308846,3481,0
308849,5,87,5,87,5,87,4,87,2,87,0,63,0,63,0,63,1,62,1,62,3,4,3,4,2,4,0,4,0,4,34,308877,3514,0
308882,2,87,2,87,2,87,2,88,1,88,1,62,1,62,1,62,1,61,1,61,0,4,0,4,0,3,0,3,-1,3,34,308910,3545,0
308913,1,88,1,88,1,88,1,88,1,88,1,61,1,61,1,61,1,61,1,61,-1,3,0,3,-1,3,-1,3,0,3,34,308945,3580,0
308948,1,88,1,88,0,89,0,89,0,89,1,61,1,61,1,61,0,61,0,61,-1,3,-1,3,-1,3,-1,3,0,3,34,308977,3614,0
308982,0,89,0,89,0,89,0,89,0,90,0,61,0,61,0,61,0,61,0,61,0,3,0,3,0,3,0,3,0,3,34,309010,3645,0
309013,0,90,-1,90,-1,90,-1,90,-1,90,0,61,0,61,0,61,0,61,0,61,0,3,-1,3,-1,3,-1,3,-1,3,34,309045,3680,0
309048,-2,91,-2,91,-2,91,-3,91,-3,91,0,61,0,61,0,61,0,61,0,61,-1,3,-1,3,-1,3,-1,4,-1,4,34,309077,3714,0
309082,-3,91,-3,92,-3,92,-4,92,-4,92,0,61,0,61,0,61,0,61,0,61,-1,4,-1,4,-1,4,-1,4,-1,4,34,309112,3747,0
309115,-4,92,-4,93,-4,93,-4,93,-3,93,0,61,0,61,0,61,0,61,0,61,-1,4,-1,4,-1,4,0,4,0,5,34,309152,3787,0
309155,-3,93,-3,94,-3,94,-2,94,-2,94,0,61,0,61,0,62,0,62,0,62,0,5,0,5,0,5,0,5,0,6,34,309185,3824,0
309192,-2,94,-2,94,-2,94,-2,94,-1,94,0,62,0,62,0,62,0,62,0,62,0,6,0,6,0,7,0,7,0,8,34,309220,3855,0
309223,-1,94,0,94,0,94,0,95,0,95,0,62,0,62,0,62,0,62,0,62,0,8,1,8,1,8,1,9,1,9,34,309258,3894,0
309262,1,95,1,95,1,95,1,95,1,95,0,63,0,63,0,63,0,63,1,63,1,9,2,9,2,9,2,9,2,10,34,309295,3930,0
309298,1,95,1,95,2,96,2,96,4,96,1,63,1,62,1,62,1,62,0,62,2,10,2,10,2,10,2,10,3,10,34,309327,3964,0
309332,4,96,6,95,6,95,4,96,3,95,0,62,0,62,0,62,0,62,0,62,3,10,3,10,3,10,2,9,1,9,34,309361,3996,0
309364,3,95,3,95,2,95,1,95,1,95,0,62,-1,61,-1,61,-1,61,-1,61,1,9,0,9,0,9,0,9,0,9,34,309402,4037,0
309405,1,95,1,95,1,95,2,95,2,94,-1,61,-1,61,-1,61,-1,61,-1,61,0,9,0,9,0,9,0,9,0,9,34,309435,4073,0
309442,2,94,1,94,1,94,1,94,0,93,-1,61,-1,61,-1,61,-1,61,-1,61,0,9,0,9,0,9,0,10,0,10,34,309470,4105,0
309473,0,93,0,93,0,93,0,92,0,92,-1,61,0,62,0,62,0,62,0,62,0,10,0,10,0,11,0,11,0,11,34,309508,4143,0
309512,0,92,-1,92,-1,92,-1,91,-2,91,0,62,0,62,0,62,0,62,0,62,0,11,0,12,0,12,0,12,0,12,34,309545,4180,0
309548,-2,91,-2,91,-3,90,-3,90,-4,90,0,62,0,62,0,62,0,62,0,62,-1,12,-1,12,-1,12,-1,13,-1,13,34,309577,4214,0
309582,-4,89,-4,89,-4,89,-4,89,-5,89,0,62,0,62,0,62,0,62,0,62,-1,13,-1,13,-1,13,-1,13,-1,13,34,309612,4247,0
309616,-4,89,-4,88,-4,88,-4,88,-4,88,0,62,0,62,0,62,0,62,0,62,-1,13,-1,13,-1,12,0,12,0,12,34,309652,4287,0
309656,-4,88,-3,88,-3,88,-2,88,-2,88,0,62,0,62,0,62,0,62,0,62,0,12,0,12,0,12,0,12,0,11,34,309685,4324,0
309692,-1,88,-1,88,-1,88,0,88,0,88,0,63,0,63,0,63,0,63,0,63,0,11,0,11,0,11,0,10,1,10,34,309720,4355,0
309723,0,88,1,88,1,89,2,89,2,89,0,63,0,64,0,64,0,64,0,64,1,10,1,10,2,9,2,9,2,9,34,309758,4393,0
309762,2,89,2,89,2,89,2,89,2,89,0,64,0,64,-1,64,-1,64,-1,64,2,9,2,8,1,8,1,8,1,7,34,309795,4430,0
309798,2,89,2,90,3,90,5,90,5,90,0,64,0,64,0,64,0,63,0,63,1,7,1,7,2,7,2,7,0,7,34,309826,4463,0
309831,5,91,2,91,2,91,1,92,1,92,0,63,1,63,1,63,2,62,2,62,0,8,0,8,0,8,0,8,0,8,34,309859,4494,0
309862,1,92,1,92,1,92,1,92,2,92,2,62,1,62,1,62,1,61,1,61,0,8,0,8,0,8,0,7,0,7,34,309895,4530,0
309898,2,92,2,93,2,93,2,93,1,93,0,61,0,61,0,62,0,62,1,62,-1,7,-1,7,0,7,0,7,0,7,34,309926,4563,0
309931,1,93,1,93,1,93,1,94,1,94,1,62,1,62,1,62,0,62,0,62,0,7,0,7,0,7,0,7,0,7,34,309959,4594,0
309962,1,94,0,94,0,94,0,94,-1,94,0,62,0,62,0,62,0,62,0,62,0,7,0,7,0,7,0,7,0,7,34,309995,4630,0
309998,-1,94,-1,95,-2,95,-3,95,-3,95,0,62,0,63,0,63,0,62,0,62,0,7,0,7,0,7,0,7,0,7,34,310026,4663,0
310031,-3,95,-3,95,-3,95,-4,96,-4,96,0,62,0,62,0,62,0,62,0,62,0,7,0,7,0,7,0,6,0,6,34,310060,4695,0
310063,-4,96,-4,96,-4,96,-4,96,-4,97,0,62,0,62,0,62,0,62,0,62,0,6,0,7,-1,7,-1,7,0,7,34,310101,4736,0
310104,-4,97,-4,97,-4,97,-4,97,-3,97,0,62,0,63,0,63,0,63,0,63,0,7,0,7,0,7,0,8,0,8,34,310134,4773,0
310141,-3,97,-2,97,-2,97,-2,97,-2,98,0,63,0,63,0,63,0,63,0,64,0,8,-1,8,-1,9,-1,9,0,9,34,310169,4804,0
310172,-2,98,-1,98,0,98,0,98,0,98,0,64,0,64,1,64,1,64,1,64,0,9,0,10,0,10,1,10,1,10,34,310207,4842,0
310210,1,99,1,99,1,99,2,99,2,99,0,64,0,64,0,65,0,65,1,65,1,10,1,10,1,10,1,10,1,10,34,310244,4879,0
310247,2,99,2,99,2,100,1,100,2,100,1,65,1,64,1,64,1,64,1,64,1,10,1,10,1,10,1,10,2,10,34,310276,4913,0
310281,2,100,4,100,4,100,6,100,6,100,1,64,0,63,0,63,0,63,0,63,2,10,3,9,3,9,3,9,2,8,34,310311,4946,0
310314,6,100,4,100,1,100,1,100,1,100,0,63,0,62,-1,62,-2,61,-2,61,2,8,1,8,0,8,0,8,0,8,34,310351,4986,0
310354,1,100,2,100,2,100,2,100,3,100,-2,61,-1,61,-1,61,-1,60,-1,60,0,8,0,8,0,8,0,8,0,8,34,310384,5023,0
310391,3,99,1,99,1,99,1,99,1,99,-1,60,-1,60,-1,60,-1,60,-1,61,0,8,0,9,0,9,0,9,0,9,34,310419,5054,0
310422,1,99,1,99,1,98,0,98,0,98,-1,61,-1,61,0,61,0,61,0,61,0,9,0,9,0,10,0,10,0,10,34,310457,5092,0
310460,0,98,-1,98,-1,98,-1,98,-2,97,0,61,0,61,0,61,0,61,0,61,0,11,0,11,0,11,0,11,0,11,34,310494,5129,0
310497,-3,97,-3,97,-3,97,-3,97,-4,97,0,61,0,61,0,61,0,61,0,61,0,11,0,11,-1,11,-1,11,-1,11,34,310526,5163,0
310531,-4,96,-4,96,-4,96,-4,96,-4,96,0,61,0,61,0,61,0,61,0,61,-1,11,-1,10,-1,10,-1,10,-1,10,34,310561,5196,0
310564,-4,96,-4,95,-4,95,-4,95,-4,95,0,61,0,61,0,61,0,61,0,61,-1,10,-1,10,-1,10,-1,10,0,10,34,310601,5236,0
310605,-4,95,-3,95,-3,95,-3,95,-3,95,0,61,0,61,0,61,0,61,0,61,0,10,0,10,0,9,0,9,0,9,34,310634,5272,0
310641,-2,95,-1,95,-1,95,0,95,0,95,0,61,0,61,0,61,0,61,0,62,0,9,0,9,0,9,0,8,1,8,34,310669,5304,0
310672,0,95,1,95,1,95,2,96,2,96,0,62,0,62,0,62,0,62,0,62,1,8,1,8,1,8,2,7,2,7,34,310707,5343,0
310711,2,96,2,96,2,96,2,96,2,96,0,62,0,62,0,62,0,62,0,62,2,7,2,7,1,7,1,6,1,6,34,310744,5379,0
310747,3,96,3,96,4,96,5,97,5,97,0,62,0,62,0,62,0,61,0,61,2,6,2,5,2,5,2,5,2,5,34,310776,5413,0
310781,5,97,3,97,3,97,2,97,2,98,0,61,1,61,1,61,1,61,1,60,2,5,0,5,0,5,0,4,0,4,34,310809,5444,0
310812,2,98,1,98,1,98,1,98,1,99,1,60,1,60,1,60,1,60,1,60,0,4,-1,4,-1,4,0,4,0,4,34,310849,5484,0
310852,1,99,1,99,1,99,1,99,1,99,1,60,1,60,1,60,1,60,1,60,0,4,0,4,-1,4,-1,4,-1,4,34,310884,5523,0
310891,1,99,1,100,1,100,0,100,0,101,1,60,0,60,0,60,0,60,0,60,0,4,0,4,0,4,0,4,0,4,34,310919,5554,0
310922,0,101,0,101,0,101,-1,101,-1,101,0,60,0,61,0,61,0,61,0,61,0,4,0,4,0,4,0,4,0,4,34,310957,5593,0
310961,-2,102,-2,102,-2,102,-2,102,-3,102,0,61,0,61,0,61,0,61,0,61,-1,4,-1,4,-1,4,-1,4,-1,4,34,310994,5629,0
310997,-3,103,-3,103,-4,103,-4,103,-4,103,0,61,0,61,0,61,0,61,0,61,-1,4,-1,4,-1,4,-1,4,-1,4,34,311026,5663,0
311031,-4,103,-4,103,-4,103,-4,104,-4,104,0,61,0,61,0,61,0,61,0,61,-1,5,-1,5,-1,5,-1,5,-1,6,34,311061,5696,0
311064,-3,104,-3,104,-3,104,-3,104,-2,104,0,61,0,61,0,61,0,61,0,61,-1,6,-1,6,0,6,0,6,0,6,34,311101,5736,0
311104,-2,104,-2,105,-2,105,-1,105,-1,105,0,61,0,61,0,62,0,62,0,62,0,6,0,6,0,7,0,7,0,7,34,311134,5773,0
311141,0,105,0,105,0,105,0,105,1,105,1,62,1,62,1,62,1,62,1,62,0,7,0,7,0,7,1,7,1,8,34,311169,5804,0
311172,1,105,1,105,1,105,1,105,1,105,1,62,1,62,1,62,1,62,1,62,1,8,1,8,1,8,2,8,2,8,34,311207,5843,0
311211,1,105,1,105,1,105,1,105,3,105,1,62,1,62,1,62,1,61,0,61,2,9,1,9,1,9,1,9,2,9,34,311244,5879,0
311247,4,105,4,105,5,105,4,105,1,105,0,61,0,61,0,61,0,60,-1,60,3,8,3,8,3,8,2,7,0,7,34,311275,5912,0
311281,1,104,1,104,1,104,1,104,2,104,-1,60,-1,60,-1,60,-1,59,-1,59,0,7,0,7,0,7,0,7,0,8,34,311309,5944,0
311312,2,104,2,104,2,103,2,103,1,103,-1,59,-1,59,-1,59,-1,59,-1,59,0,8,0,8,0,8,0,8,0,8,34,311351,5987,0
311354,1,103,1,103,1,103,1,103,1,102,-1,59,-1,60,-1,60,-1,60,-1,60,0,8,0,9,0,9,0,9,0,9,34,311384,6023,0
311391,1,102,1,102,1,102,0,102,0,102,0,60,0,60,0,60,0,60,0,61,0,9,0,9,0,9,0,10,0,10,34,311419,6054,0
311422,0,102,0,102,-1,101,-1,101,-1,101,0,61,0,61,0,61,0,61,0,61,0,10,0,10,0,10,0,10,0,10,34,311457,6093,0
311461,-2,101,-2,101,-3,101,-3,101,-4,101,0,61,0,61,0,61,0,61,0,60,0,10,0,10,-1,10,-1,10,-1,10,34,311494,6129,0
311498,-4,101,-4,101,-4,101,-4,100,-4,100,0,60,0,60,0,60,0,60,0,61,-1,10,-1,10,-1,9,-1,9,-1,9,34,311529,6164,0
311533,-4,100,-4,100,-4,100,-3,100,-3,100,0,61,0,61,0,61,0,61,0,61,-1,9,0,9,-1,8,0,8,0,8,34,311564,6202,0
311570,-3,100,-3,100,-2,100,-2,100,-2,101,0,61,0,61,0,61,0,61,0,61,0,8,0,8,0,8,0,7,0,7,34,311601,6236,0
311604,-2,101,-1,101,-1,101,0,101,0,101,0,61,0,61,0,62,0,62,0,62,0,7,0,7,0,6,1,6,1,6,34,311634,6272,0
311640,0,101,0,101,1,101,1,102,2,102,0,62,0,62,0,62,0,62,0,62,1,6,1,6,1,6,2,6,2,6,34,311668,6303,0
311671,2,102,2,102,2,102,2,102,2,102,0,62,0,62,0,62,0,62,0,62,2,6,2,6,1,6,1,6,1,6,34,311706,6341,0
311709,2,102,3,102,3,102,5,103,6,103,0,62,0,62,0,62,0,62,1,62,1,6,2,6,2,6,2,6,1,6,34,311743,6378,0
311746,6,103,4,103,3,103,2,103,2,103,1,62,1,62,1,62,1,61,1,61,1,6,0,6,0,6,0,6,0,6,34,311775,6412,0
311780,2,104,2,104,2,104,1,104,1,104,1,61,1,61,1,61,1,61,1,61,0,6,0,6,0,6,0,6,-1,6,34,311809,6444,0
311812,1,104,1,104,1,104,1,104,0,104,1,61,1,61,1,61,1,61,0,61,-1,6,-1,6,-1,6,-1,6,0,6,34,311850,6485,0
311853,0,104,0,104,0,104,0,104,0,104,0,61,0,61,0,61,0,61,0,61,0,6,0,6,0,6,0,6,0,6,34,311883,6522,0
311890,0,104,-1,104,-1,104,-1,104,-2,104,0,61,0,62,0,62,0,62,0,62,0,6,0,6,0,6,0,6,0,6,34,311918,6553,0
311921,-2,104,-2,104,-2,104,-3,105,-3,105,0,62,0,62,0,62,0,62,0,62,0,6,0,6,0,6,-1,6,-1,6,34,311956,6591,0
311959,-3,105,-3,105,-3,105,-4,105,-4,105,0,62,0,62,0,62,0,62,0,62,-1,6,-1,6,-1,6,-1,6,-1,6,34,311993,6628,0
311996,-4,105,-4,105,-4,105,-4,105,-4,105,0,62,0,62,0,62,0,62,0,62,-1,6,-1,6,-1,6,0,6,0,6,34,312025,6662,0
312030,-4,105,-4,105,-4,105,-3,105,-2,105,0,62,0,62,0,62,0,62,0,62,0,6,0,6,0,6,0,7,0,7,34,312060,6695,0
312063,-2,105,-2,105,-1,105,-1,105,0,105,0,62,0,62,0,63,0,63,0,63,0,7,0,7,0,8,0,8,0,8,34,312100,6736,0
312103,0,105,0,105,0,105,1,105,1,105,0,63,0,63,0,63,0,63,0,63,0,8,0,9,1,9,1,9,1,9,34,312133,6772,0
312140,1,105,1,105,1,105,2,105,2,105,1,63,1,63,1,63,1,63,1,63,2,9,1,9,1,9,2,9,1,9,34,312168,6803,0
312171,2,105,2,105,2,105,3,105,3,105,1,63,1,63,1,63,1,62,1,62,1,9,1,9,1,9,2,9,2,9,34,312206,6842,0
312210,5,105,7,104,5,104,5,104,2,104,0,62,0,62,0,62,0,62,0,61,3,9,3,8,1,8,1,8,0,7,34,312243,6878,0
312246,1,104,1,104,1,104,1,103,2,103,-1,61,-1,61,-2,61,-2,60,-1,60,0,7,0,7,0,7,0,7,0,7,34,312275,6912,0
312280,2,103,2,103,2,103,2,103,2,103,-1,60,-1,60,-1,60,0,60,0,60,0,7,0,7,0,7,0,7,0,7,34,312309,6944,0
312312,2,103,1,103,0,103,0,103,0,102,0,60,0,60,-1,61,0,61,0,61,0,7,0,7,0,7,0,8,0,8,34,312350,6985,0
312353,0,102,0,102,0,102,-1,102,-1,102,0,61,0,61,0,61,0,61,0,61,0,8,0,8,0,8,0,8,0,8,34,312383,7022,0
312390,-1,102,-2,102,-2,101,-2,101,-3,101,0,61,0,61,0,61,0,61,0,61,0,9,0,9,0,9,0,9,0,9,34,312418,7053,0
312421,-3,101,-3,101,-4,100,-4,100,-4,100,0,61,0,62,0,62,0,62,0,62,0,9,0,8,-1,8,-1,8,-1,8,34,312456,7092,0
312460,-4,100,-4,100,-4,100,-4,100,-4,99,0,62,0,62,0,62,0,62,0,62,-1,8,-1,8,-1,8,-1,8,-1,8,34,312493,7128,0
312496,-4,99,-4,99,-3,99,-3,100,-3,100,0,62,0,63,0,63,0,63,0,63,-1,8,-1,7,0,7,0,7,0,7,34,312525,7162,0
312530,-3,100,-2,100,-2,100,-2,100,-1,100,0,63,0,63,0,63,0,63,0,63,0,6,0,6,0,6,0,6,0,5,34,312560,7195,0
312563,-1,100,-1,101,0,101,0,101,1,101,0,63,0,63,0,63,0,63,0,62,0,5,0,5,1,5,1,5,1,5,34,312600,7235,0
312603,1,101,1,101,2,102,2,102,2,102,0,62,0,62,0,62,0,62,0,62,1,5,2,5,2,5,2,5,2,5,34,312633,7272,0
312640,2,101,2,101,2,101,2,101,2,102,0,62,0,62,0,62,0,62,0,62,2,5,1,5,1,4,1,4,1,4,34,312668,7303,0
312671,2,102,3,102,5,102,4,102,4,102,0,62,0,62,0,61,1,61,1,61,1,4,2,4,2,4,1,4,1,4,34,312706,7341,0
312710,2,102,1,102,2,102,2,102,1,102,1,61,1,61,1,61,1,60,1,60,0,4,0,3,0,3,0,3,0,3,34,312743,7378,0
312746,1,102,1,102,2,102,1,102,1,102,1,60,1,60,1,60,1,60,1,60,0,3,0,3,-1,3,0,3,0,3,34,312774,7412,0
312780,1,102,1,102,1,102,1,102,1,102,1,61,1,61,1,61,1,61,0,61,0,4,0,4,0,4,0,3,0,3,34,312808,7443,0
312811,1,102,1,102,0,102,0,102,0,102,0,61,0,61,0,61,0,61,0,61,0,3,0,4,0,4,0,4,0,4,34,312849,7484,0
312852,0,102,0,103,-1,103,-1,103,-1,103,0,61,0,61,0,61,0,61,0,61,0,4,0,4,0,4,0,5,0,5,34,312883,7522,0
312890,-1,103,-2,103,-2,103,-2,104,-3,104,0,61,0,61,0,61,0,61,0,61,0,5,0,5,0,5,0,5,0,5,34,312921,7560,0
312928,-3,104,-4,104,-4,105,-4,105,-4,105,0,61,0,61,0,60,0,60,0,60,-1,5,-1,5,-1,5,-1,6,-1,6,34,312957,7592,0
312960,-4,105,-4,105,-4,105,-4,105,-3,105,0,60,0,60,0,60,0,60,0,60,-1,6,-1,6,-1,6,-1,6,-1,6,34,312993,7628,0
312996,-3,106,-3,106,-3,106,-3,106,-2,106,0,60,0,60,0,60,0,60,0,60,0,6,0,6,0,6,0,6,0,6,34,313031,7670,0
313038,-2,106,-2,106,-1,106,0,105,0,105,0,60,0,60,0,60,0,61,0,61,0,6,0,6,0,7,0,7,0,7,34,313066,7702,0
313070,0,105,0,105,1,105,1,105,1,105,0,61,0,61,0,61,0,61,0,61,0,7,1,7,1,7,1,7,1,8,34,313102,7737,0
313105,1,105,1,105,2,105,2,104,2,104,0,61,1,61,1,61,1,61,1,60,1,8,1,8,2,8,1,9,1,9,34,313143,7778,0
313146,3,104,3,104,4,104,5,104,3,104,1,60,1,60,1,60,0,60,0,60,1,9,1,9,2,9,3,9,1,9,34,313174,7811,0
313179,3,103,2,103,2,103,2,103,2,103,0,59,0,59,0,59,0,59,-1,59,1,8,0,8,0,8,0,8,0,8,34,313208,7843,0
313211,2,103,2,103,2,103,2,102,2,102,-1,59,-1,59,-1,59,-1,59,-1,59,0,8,0,8,0,8,0,9,0,9,34,313249,7884,0
313252,2,102,2,102,2,102,2,102,1,102,-1,59,-1,59,-1,59,-1,59,-1,59,0,9,0,9,0,9,0,9,0,9,34,313282,7921,0
313289,1,102,1,102,1,102,1,102,0,102,0,59,0,59,0,59,0,60,0,60,0,9,0,9,0,10,0,10,0,10,34,313319,7954,0
313322,0,102,0,101,0,101,0,101,-2,101,0,60,0,60,0,60,0,60,0,60,0,10,0,11,0,11,0,11,0,11,34,313356,7992,0
313360,-2,101,-2,101,-3,101,-3,101,-3,101,0,60,0,59,0,59,0,59,0,59,0,11,0,11,0,11,0,11,0,11,34,313392,8027,0
313396,-3,101,-4,101,-4,101,-4,101,-5,101,0,59,0,59,0,59,0,59,0,59,0,11,-1,11,-1,11,-1,11,-1,11,34,313426,8062,0
313430,-5,101,-5,101,-5,101,-5,101,-5,102,0,59,0,59,0,59,0,59,0,59,-1,11,-1,11,-1,11,-1,11,-1,11,34,313461,8100,0
313468,-4,102,-4,102,-4,102,-4,102,-2,102,0,59,0,59,0,59,0,59,0,60,0,11,0,11,0,11,0,11,0,11,34,313499,8134,0
313503,-2,102,-2,102,-2,102,-1,102,-1,102,0,60,0,60,0,60,0,60,0,61,0,11,0,11,0,10,0,10,0,10,34,313533,8171,0
313539,0,102,0,102,0,103,0,103,1,103,0,61,0,61,0,61,0,62,0,62,1,10,1,10,1,10,1,9,2,9,34,313567,8202,0
313570,1,103,2,103,2,103,3,103,3,103,0,62,0,62,0,62,-1,62,-1,62,2,9,2,9,2,9,2,9,2,9,34,313605,8240,0
313608,2,103,2,103,2,103,3,103,5,103,0,62,0,62,0,62,-1,62,0,62,1,9,1,9,1,8,1,8,2,8,34,313642,8277,0
313645,5,103,5,103,4,103,3,103,2,103,0,62,0,62,1,62,1,62,1,62,2,8,2,8,0,8,0,8,0,8,34,313674,8311,0
313679,2,103,2,104,2,104,2,104,2,104,1,61,1,61,1,61,1,61,1,61,0,8,0,7,0,7,0,7,0,7,34,313708,8343,0
313711,2,104,2,103,2,103,2,103,1,103,1,61,1,61,1,61,0,61,0,61,0,7,0,7,0,7,0,7,0,7,34,313749,8384,0
313752,1,103,1,103,1,103,1,103,1,103,0,61,0,61,0,61,0,61,0,61,0,7,0,7,0,7,0,7,0,7,34,313782,8421,0
313789,0,103,0,103,0,103,0,103,-1,103,0,61,0,61,0,61,0,62,0,62,0,7,0,7,0,7,0,8,0,8,34,313819,8454,0
313822,-1,103,-1,103,-2,103,-3,103,-3,103,0,62,0,61,0,61,0,61,0,61,0,8,0,8,0,8,0,8,0,8,34,313856,8491,0
313859,-3,103,-3,103,-4,103,-4,104,-4,104,0,61,0,61,0,61,0,61,0,61,0,8,0,8,0,8,0,8,-1,8,34,313892,8527,0
313895,-4,104,-4,104,-5,104,-5,104,-4,104,0,61,0,61,0,61,0,61,0,61,-1,8,-1,8,-1,8,-1,8,-1,8,34,313930,8569,0
313937,-4,104,-4,104,-4,104,-3,104,-3,104,0,61,0,61,0,61,0,61,0,61,-1,8,-1,8,-1,8,0,9,0,9,34,313965,8601,0
313969,-3,104,-2,104,-2,104,-2,104,-1,104,0,62,0,62,0,62,0,62,0,62,0,9,0,9,0,9,0,9,0,10,34,314000,8635,0
314003,-1,104,-1,104,-1,104,0,104,0,104,0,62,0,62,1,62,1,63,1,63,0,10,0,10,0,10,0,11,1,11,34,314041,8676,0
314044,0,104,1,104,1,104,2,104,2,104,1,63,0,63,1,63,1,63,1,63,1,11,1,11,1,11,1,11,2,11,34,314073,8711,0
314079,2,104,2,104,2,104,2,104,2,104,1,63,1,63,1,63,1,63,1,62,2,11,1,11,1,11,1,11,1,11,34,314108,8743,0
314111,2,104,4,104,5,104,6,104,4,104,1,62,0,62,0,62,0,62,0,61,1,11,2,10,3,10,3,10,2,9,34,314149,8784,0
314152,4,104,3,104,1,104,1,104,1,104,0,61,0,61,-1,61,-1,61,-1,60,2,9,1,9,0,9,0,9,0,9,34,314182,8820,0
314189,0,104,0,104,0,104,1,104,2,104,-1,60,-2,60,-2,60,-1,60,-1,60,0,9,0,9,0,9,0,9,0,9,34,314220,8859,0
314227,2,104,1,104,1,103,1,103,1,103,-1,61,-1,61,-1,61,-1,61,-1,61,0,9,0,9,0,9,0,9,0,9,34,314256,8891,0
314259,1,103,0,103,0,103,0,103,0,103,-1,61,-1,61,0,61,0,61,0,62,0,9,0,10,0,10,0,10,0,10,34,314292,8931,0
314295,0,102,0,102,-1,102,-1,102,-1,102,0,62,0,62,0,62,0,62,0,62,0,11,0,11,0,11,0,11,0,11,34,314330,8969,0
314337,-2,102,-2,102,-3,101,-3,101,-4,101,0,62,0,62,0,62,0,62,0,62,0,12,0,12,0,12,0,12,0,12,34,314365,9001,0
314369,-4,101,-4,101,-5,101,-5,101,-5,100,0,62,0,62,0,62,0,62,0,62,0,12,-1,12,-1,12,-1,12,-1,12,34,314400,9035,0
314404,-5,100,-5,100,-5,100,-4,100,-4,100,0,62,0,62,0,62,0,62,0,62,-1,12,-1,12,-1,12,-1,12,-1,12,34,314442,9077,0
314446,-3,100,-3,100,-3,100,-2,100,-2,100,0,62,0,62,0,62,0,62,0,62,0,12,0,12,0,12,0,11,0,11,34,314474,9110,0
314479,-2,100,-1,101,-1,101,0,101,0,101,0,63,0,63,0,63,0,63,0,63,0,11,0,11,0,11,0,11,0,11,34,314509,9144,0
314513,0,101,0,101,1,101,1,101,2,102,0,63,0,63,0,64,0,64,0,64,1,11,1,10,1,10,2,10,2,10,34,314549,9184,0
314552,2,102,3,102,3,102,2,102,2,102,0,64,0,64,0,64,0,64,0,64,2,10,2,10,1,9,1,9,1,9,34,314582,9220,0
314588,2,102,4,102,4,102,6,102,6,103,0,64,0,64,0,64,0,63,0,63,1,9,2,9,2,9,2,9,1,9,34,314619,9256,0
314624,3,103,3,103,2,103,2,103,2,104,1,63,1,63,1,63,1,63,1,62,0,9,0,9,0,9,0,8,0,8,34,314656,9291,0
314659,2,104,1,104,1,104,1,104,2,104,1,62,1,62,1,62,1,62,1,62,0,8,0,9,0,9,0,9,0,9,34,314692,9327,0
314695,2,104,2,104,2,104,1,104,1,104,0,62,0,62,0,62,1,62,1,62,0,9,0,9,0,9,0,9,0,9,34,314723,9360,0
314728,1,104,0,104,0,104,0,104,0,104,1,63,0,63,0,63,0,63,0,63,0,10,0,10,0,10,0,9,0,9,34,314757,9392,0
314760,0,104,0,104,-1,104,-1,104,-1,104,0,63,0,63,0,63,0,63,0,63,0,9,0,9,0,9,0,9,0,8,34,314798,9433,0
314801,-1,104,-2,105,-2,105,-2,105,-3,105,0,63,0,63,0,63,0,63,0,63,0,8,0,8,0,8,0,8,0,8,34,314831,9470,0
314838,-4,105,-4,105,-4,105,-4,105,-5,105,0,63,0,63,0,63,0,63,0,63,-1,8,-1,8,-1,7,-1,7,-1,7,34,314866,9501,0
314869,-5,105,-5,105,-5,105,-4,105,-4,105,0,63,0,63,0,63,0,63,0,63,-1,7,-1,7,-1,8,-1,8,-1,8,34,314904,9539,0
314907,-4,105,-3,105,-3,105,-3,105,-3,105,0,63,0,63,0,63,0,63,0,63,-1,8,0,8,0,9,0,9,0,9,34,314941,9576,0
314944,-2,105,-2,105,-2,106,-1,106,0,106,0,63,0,64,0,64,0,64,0,64,0,9,0,10,0,10,0,10,0,10,34,314973,9610,0
314978,0,106,0,106,0,106,0,106,1,106,0,64,1,64,1,64,1,64,1,64,0,10,1,11,1,11,1,11,1,11,34,315008,9643,0
315011,1,106,2,106,2,106,2,106,2,106,1,64,1,64,1,64,1,64,1,64,1,11,1,11,2,11,2,11,2,11,34,315048,9683,0
315051,2,106,2,106,2,106,2,106,2,106,1,64,1,63,1,63,0,63,0,63,2,11,1,11,1,11,2,11,2,10,34,315081,9720,0
315088,6,106,6,106,6,106,5,106,2,106,0,62,0,62,0,62,0,62,0,61,4,10,4,10,4,9,3,9,1,8,34,315116,9751,0
315119,2,106,1,106,1,105,1,105,1,105,0,61,-1,61,-1,61,-1,60,-1,60,1,8,0,8,0,8,0,8,0,8,34,315154,9790,0
315158,1,105,2,105,2,105,2,105,2,105,-1,60,-1,60,-1,60,-1,61,-1,61,0,9,0,9,0,9,0,9,0,9,34,315191,9826,0
315194,1,105,1,104,1,104,1,104,1,104,-1,61,-1,61,-1,61,-1,61,0,61,0,9,0,9,0,9,0,10,0,10,34,315223,9860,0
315228,1,104,0,104,0,104,0,103,0,103,0,62,0,62,0,62,0,62,0,62,0,10,0,10,0,10,0,10,0,11,34,315257,9892,0
315260,0,103,0,103,-1,103,-1,102,-2,102,0,62,0,62,0,62,0,62,0,62,0,11,0,11,0,11,0,12,0,12,34,315298,9933,0
315302,-2,102,-3,102,-3,102,-4,102,-4,102,0,62,0,62,0,62,0,62,0,62,0,12,-1,12,-1,12,-1,12,-1,12,34,315331,9970,0
315338,-4,102,-5,102,-5,102,-5,102,-5,102,0,61,0,61,0,61,0,61,0,61,-1,12,-1,12,-1,12,-1,12,-1,12,34,315366,10001,0
315370,-5,102,-5,102,-5,102,-4,102,-4,102,0,61,0,61,0,61,0,61,0,61,-1,12,-1,12,-1,11,-1,11,-1,11,34,315404,10039,0
315408,-4,102,-3,102,-3,102,-3,102,-2,102,0,61,0,61,0,61,0,61,0,61,0,11,0,11,0,11,0,10,0,10,34,315441,10076,0
315445,-1,102,-1,102,-1,103,0,103,1,103,0,61,0,62,0,62,0,62,-1,62,0,10,0,10,0,9,1,9,1,9,34,315473,10110,0
315478,1,103,1,103,1,103,2,103,2,103,-1,63,-1,63,-1,63,-1,63,-1,63,1,9,2,9,2,9,2,8,2,8,34,315508,10143,0
315511,3,103,3,103,3,103,2,103,3,103,-1,63,-1,63,-1,63,-1,63,0,63,2,8,2,8,2,7,1,7,2,7,34,315548,10183,0
315551,3,103,4,103,6,103,4,103,4,104,0,63,0,62,0,62,1,62,1,62,2,7,2,7,3,7,1,7,1,7,34,315581,10220,0
315588,3,104,2,104,2,104,2,104,1,104,1,62,1,62,1,61,1,61,1,61,0,6,0,6,0,6,0,5,-1,5,34,315616,10251,0
315619,1,104,1,104,1,104,2,104,2,104,1,61,1,61,1,61,1,61,1,61,-1,5,-1,5,-1,5,-1,5,-1,5,34,315654,10290,0
315658,2,104,1,104,1,104,1,104,1,104,1,61,1,61,1,61,1,61,0,61,-1,5,-1,5,0,5,0,5,0,5,34,315691,10326,0
315694,1,104,1,104,1,105,0,105,0,105,0,61,0,61,0,61,0,62,0,62,0,5,0,5,0,5,0,5,0,5,34,315722,10359,0
315728,0,105,0,105,0,105,0,105,-1,105,0,62,0,62,0,62,0,62,0,62,0,5,0,5,0,5,0,5,0,6,34,315757,10392,0
315760,-1,105,-2,105,-2,106,-3,106,-4,106,0,62,0,62,0,62,0,61,0,61,0,6,0,6,0,6,-1,6,-1,6,34,315798,10433,0
315801,-4,106,-4,106,-4,106,-5,106,-5,106,0,61,0,61,0,61,0,61,0,61,-1,6,-1,6,-1,6,-1,6,-1,6,34,315831,10470,0
315838,-5,106,-5,106,-5,106,-5,106,-4,106,0,61,0,61,0,61,0,61,0,61,-1,6,-1,6,-1,6,-1,7,-1,7,34,315866,10501,0
315869,-4,106,-4,106,-4,106,-3,106,-2,106,0,61,0,61,0,61,0,61,0,61,-1,7,-1,7,0,8,0,8,0,8,34,315905,10540,0
315908,-2,106,-2,106,-1,106,0,106,0,106,0,61,0,62,0,62,0,62,0,62,0,9,0,9,0,9,0,9,0,10,34,315941,10576,0
315944,0,106,0,106,0,106,0,106,1,106,0,62,0,62,0,62,0,62,0,62,0,10,0,10,1,10,1,10,2,10,34,315973,10610,0
315978,1,106,1,106,1,106,1,106,2,106,0,62,1,62,1,62,1,62,1,62,2,11,2,11,2,11,2,11,2,11,34,316008,10643,0
316011,2,106,2,106,2,106,3,106,4,105,1,62,1,61,1,61,0,61,0,61,2,11,2,11,1,11,2,11,3,10,34,316048,10683,0
316051,4,105,6,105,5,105,1,105,1,104,0,61,0,60,-1,60,-1,60,-1,60,3,10,3,10,3,9,0,9,0,9,34,316081,10719,0
316087,1,104,2,104,2,104,2,104,2,103,-1,59,-1,59,-1,59,-1,59,-1,59,0,9,0,9,0,9,0,10,0,10,34,316118,10755,0
316123,3,103,3,103,3,103,2,103,2,102,-1,59,-1,59,0,59,0,59,0,59,0,10,0,10,0,11,0,11,0,11,34,316155,10790,0
316158,2,102,2,102,1,102,1,102,1,102,0,59,0,59,0,59,0,59,0,60,0,11,0,11,0,11,0,11,0,11,34,316191,10826,0
316194,0,101,0,101,0,101,-1,101,-1,101,0,60,0,60,0,60,0,60,0,60,0,12,0,12,0,12,0,12,0,12,34,316227,10862,0
316230,-1,101,-1,100,-3,100,-3,100,-3,100,0,60,0,60,0,60,0,60,0,60,0,12,0,12,0,13,-1,13,-1,13,34,316262,10899,0
316268,-3,99,-4,99,-5,99,-5,99,-5,99,0,59,0,59,0,59,0,59,0,59,-1,13,-1,13,-1,13,-1,13,-1,13,34,316298,10933,0
316302,-5,99,-5,99,-5,99,-5,99,-5,99,0,59,0,59,0,59,0,59,0,59,-1,13,-1,12,-1,12,-1,12,-1,12,34,316334,10970,0
316338,-5,99,-4,99,-4,99,-3,99,-3,99,0,59,0,60,0,60,0,60,0,60,-1,12,-1,12,-1,12,0,11,0,11,34,316366,11001,0
316369,-3,99,-3,99,-2,99,-1,99,-1,99,0,60,0,60,0,60,0,61,0,61,0,11,0,10,0,10,0,10,0,10,34,316404,11039,0
316408,-1,99,0,99,0,99,0,99,1,99,0,61,0,61,0,61,0,61,0,62,0,9,0,9,1,9,1,9,1,9,34,316440,11075,0
316443,1,99,1,99,2,99,2,100,2,100,0,62,0,62,0,62,0,62,0,62,1,9,2,9,2,9,2,9,1,9,34,316472,11109,0
316477,2,100,2,100,2,100,3,100,4,100,0,62,0,62,0,62,-1,62,0,62,1,9,1,8,1,8,1,8,2,8,34,316506,11141,0
316509,4,100,6,100,7,100,3,101,3,101,0,62,0,62,0,62,1,61,1,61,2,8,2,8,2,8,0,8,0,7,34,316547,11182,0
316550,3,101,3,101,2,101,2,101,2,101,1,61,1,61,1,61,1,61,1,61,0,7,0,7,-1,7,-1,7,0,7,34,316580,11219,0
316587,2,101,2,101,2,101,2,101,2,101,1,61,1,61,1,61,0,61,1,61,-1,7,-1,7,-1,7,0,7,0,8,34,316615,11250,0
316618,2,101,2,101,1,100,1,100,1,100,1,61,1,61,0,61,0,61,0,61,0,8,0,8,0,8,0,8,0,8,34,316653,11288,0
316656,0,100,0,100,0,100,-1,101,-1,101,0,61,0,61,0,62,0,62,0,61,0,8,0,8,0,7,0,7,0,7,34,316690,11325,0
316693,-2,101,-2,101,-2,101,-3,101,-3,101,0,61,0,61,0,61,0,61,0,61,0,7,0,7,0,8,0,8,-1,8,34,316722,11359,0
316727,-3,101,-4,101,-4,101,-4,101,-4,101,0,61,0,61,0,61,0,61,0,61,-1,8,-1,8,-1,8,-1,8,-1,7,34,316757,11392,0
316760,-5,101,-5,101,-5,101,-5,101,-4,100,0,61,0,61,0,61,0,61,0,61,-1,7,-1,8,-1,8,-1,8,-1,8,34,316797,11432,0
316800,-4,100,-4,100,-4,100,-3,100,-3,100,0,61,0,61,0,61,0,61,0,61,-1,8,-1,8,0,8,0,8,0,9,34,316830,11469,0
316837,-3,100,-2,100,-2,100,-2,100,-2,100,0,61,0,61,0,61,0,61,0,61,0,9,0,9,0,9,0,9,0,10,34,316865,11500,0
316868,-2,100,-1,100,0,100,0,100,0,100,0,61,0,61,0,61,0,61,0,61,0,10,0,10,0,10,1,10,1,10,34,316903,11539,0
316907,0,99,1,99,1,99,1,99,1,99,0,61,0,61,1,61,1,61,1,61,1,10,2,10,2,10,2,11,2,11,34,316940,11575,0
316943,1,99,1,99,2,99,2,99,3,99,1,61,1,61,1,61,1,61,1,61,2,11,2,11,1,11,2,11,2,11,34,316972,11609,0
316977,3,99,7,99,7,99,8,98,6,98,1,61,0,61,0,61,0,61,0,61,2,11,4,11,4,11,3,10,2,10,34,317006,11641,0
317009,6,98,3,98,1,98,1,98,1,98,0,61,-1,60,-1,60,-1,60,-1,60,2,10,1,10,0,9,0,9,0,9,34,317047,11682,0
317050,1,98,2,98,2,98,3,98,3,98,-1,60,-1,60,-1,60,-1,60,-1,60,0,9,0,9,-1,8,0,8,0,8,34,317080,11719,0
317087,3,98,2,98,2,98,1,98,1,98,-1,60,-1,61,-1,61,-1,61,0,61,0,8,0,8,0,8,0,7,0,7,34,317115,11750,0
317118,1,98,1,98,0,98,0,97,0,97,0,61,0,61,0,61,0,61,0,61,0,7,0,8,0,8,0,8,0,8,34,317153,11788,0
317157,0,97,-1,97,-1,97,-1,97,-2,96,0,61,0,61,0,61,0,61,0,61,0,9,0,9,0,9,0,9,0,9,34,317190,11825,0
317193,-2,96,-2,96,-3,96,-3,96,-3,96,0,61,0,61,0,61,0,61,0,61,-1,9,-1,9,-1,9,-1,9,-1,9,34,317221,11858,0
317227,-3,96,-4,96,-4,96,-4,95,-5,95,0,61,0,61,0,61,0,61,0,60,-1,9,-1,9,-1,9,-1,9,-1,9,34,317256,11891,0
317259,-5,95,-5,95,-4,95,-4,95,-4,95,0,60,0,60,0,60,0,60,0,60,-1,9,-1,9,-1,9,-1,9,-1,9,34,317297,11932,0
317300,-4,95,-3,95,-3,95,-3,95,-3,95,0,60,0,60,0,60,0,60,0,60,-1,9,0,9,0,9,0,9,0,9,34,317330,11969,0
317337,-2,95,-1,95,-1,95,-1,95,0,95,0,61,0,61,0,61,0,61,0,61,0,9,0,8,0,8,0,8,0,8,34,317368,12007,0
317375,1,95,1,95,1,95,2,95,2,96,0,61,0,61,0,62,0,62,0,62,1,8,1,8,1,8,2,8,2,8,34,317404,12039,0
317407,2,96,3,96,2,96,2,96,3,96,0,62,0,62,0,62,0,62,0,62,2,8,2,8,2,8,1,7,1,7,34,317445,12080,0
317448,3,96,4,96,6,96,6,96,6,96,0,62,0,62,0,62,0,61,0,61,1,7,2,7,2,7,2,7,2,7,34,317480,12119,0
317487,3,97,2,97,2,97,2,97,2,97,1,61,1,61,1,61,1,60,1,60,0,7,0,7,0,7,0,6,0,6,34,317518,12157,0
317525,2,97,2,97,2,97,2,97,2,97,1,60,1,60,1,60,1,60,0,60,0,6,0,6,0,6,0,6,0,6,34,317554,12189,0
317557,2,97,1,97,1,97,1,98,1,98,0,60,1,60,0,60,0,60,0,60,0,6,0,6,0,6,0,6,0,6,34,317595,12230,0
317598,1,98,0,98,0,98,0,98,0,98,0,60,0,60,0,60,0,61,0,61,0,6,0,6,0,6,0,6,0,6,34,317630,12268,0
317637,-1,98,-1,98,-1,98,-1,98,-2,99,0,61,0,61,0,61,0,61,0,61,0,6,0,7,0,7,0,7,0,7,34,317668,12307,0
317675,-3,99,-3,99,-3,99,-4,99,-4,100,0,60,0,60,0,60,0,60,0,60,-1,7,-1,7,-1,7,-1,7,-1,7,34,317704,12339,0
317707,-4,100,-4,100,-5,100,-4,100,-4,101,0,60,0,60,0,60,0,60,0,60,-1,7,-1,7,-1,7,-1,7,-1,7,34,317745,12380,0
317748,-4,101,-4,101,-3,101,-3,101,-3,101,0,60,0,60,0,60,0,60,0,60,-1,7,0,8,-1,8,-1,8,-1,8,34,317779,12418,0
317786,-3,101,-3,101,-3,101,-2,101,-2,101,0,60,0,60,0,60,0,60,0,60,0,8,-1,8,-1,8,0,8,0,9,34,317818,12457,0
317825,-1,101,0,101,0,102,0,102,1,102,0,60,1,60,1,60,0,60,0,60,0,9,0,9,0,9,0,9,1,9,34,317854,12489,0
317857,1,102,1,102,1,102,1,102,2,102,0,60,0,60,0,60,0,60,0,60,1,9,1,9,1,9,1,9,1,9,34,317895,12530,0
317898,2,102,1,102,2,102,2,102,2,102,0,60,0,60,0,60,0,60,0,59,1,9,2,9,1,9,1,9,2,9,34,317929,12568,0
317936,3,102,6,102,6,102,6,102,3,101,0,59,0,59,0,59,0,59,0,59,2,9,4,9,4,8,3,8,2,8,34,317964,12599,0
317967,3,101,1,101,1,101,1,101,1,101,0,59,0,58,-1,58,-1,58,-1,58,2,8,0,8,0,8,0,8,0,8,34,318002,12637,0
318006,1,101,1,101,1,101,2,101,2,101,-1,58,-1,58,-1,58,-1,58,0,58,0,9,0,9,0,9,0,9,0,9,34,318039,12674,0
318042,1,101,1,101,1,101,1,100,1,100,0,58,0,58,0,58,0,59,0,59,0,9,0,9,0,9,0,9,0,9,34,318071,12708,0
318076,1,100,0,100,0,100,0,100,0,100,0,59,0,59,0,59,0,59,0,59,0,9,0,10,0,10,0,10,0,10,34,318105,12740,0
318108,0,100,-1,99,-1,99,-1,99,-2,99,0,59,0,59,0,59,0,59,0,59,0,10,0,10,0,10,0,10,0,10,34,318146,12781,0
318149,-2,99,-3,98,-3,98,-3,98,-4,97,0,59,0,59,0,59,0,59,0,59,0,10,-1,10,-1,10,-1,10,-1,10,34,318187,12822,0
318190,-4,97,-4,97,-4,97,-4,97,-4,97,0,59,0,59,0,59,0,59,0,59,-1,10,-1,10,-1,10,-1,10,-1,10,34,318220,12858,0
318226,-4,97,-4,96,-4,96,-4,96,-4,96,0,59,0,59,0,59,0,59,0,59,-1,10,-1,10,-1,10,0,10,0,10,34,318255,12890,0
318258,-4,96,-3,96,-2,96,-2,96,-1,97,0,59,0,59,0,60,0,60,0,60,0,10,0,10,0,10,0,9,0,9,34,318296,12931,0
318299,-1,97,-1,97,0,97,0,97,0,97,0,60,0,60,0,60,0,60,0,61,0,9,0,9,0,8,1,8,1,8,34,318329,12968,0
318336,1,97,1,97,1,97,2,97,2,97,0,61,0,61,0,61,0,61,0,61,1,8,2,8,2,8,2,8,1,7,34,318366,13001,0
318369,2,97,2,97,2,97,1,98,3,98,0,61,0,61,0,61,0,61,0,61,1,7,1,7,1,7,0,7,1,6,34,318403,13038,0
318406,3,98,4,98,6,98,4,98,4,98,0,61,0,61,0,61,1,61,1,61,1,6,2,6,2,7,0,7,0,7,34,318439,13074,0
318442,3,98,3,98,3,99,3,99,2,99,1,61,1,61,1,61,1,61,1,60,0,7,0,6,0,6,0,6,0,6,34,318473,13108,0
318476,2,99,2,99,2,99,2,99,2,99,1,60,1,60,1,60,1,60,0,60,0,6,0,6,0,5,0,5,0,5,34,318507,13146,0
318514,2,99,2,99,2,99,1,99,1,99,1,60,1,60,1,60,1,60,0,60,0,5,0,5,0,5,0,5,0,5,34,318546,13181,0
318549,1,99,0,99,0,99,0,99,0,99,0,60,0,60,0,60,0,60,0,60,0,5,0,5,0,6,0,6,0,6,34,318579,13218,0
318586,-1,99,-1,99,-1,99,-1,99,-2,100,0,60,0,60,0,60,0,60,0,60,0,6,0,6,0,6,0,6,0,6,34,318614,13249,0
318617,-2,100,-3,100,-3,100,-4,100,-4,100,0,60,0,60,0,60,0,60,0,60,0,6,-1,6,-1,6,-1,6,-1,6,34,318652,13287,0
318656,-4,100,-4,100,-4,100,-4,101,-4,101,0,60,0,60,0,60,0,60,0,60,-1,6,-1,6,-1,6,-1,6,-1,6,34,318689,13324,0
318693,-4,101,-4,101,-4,101,-4,101,-3,101,0,60,0,60,0,60,0,60,0,60,-1,6,-1,6,-1,6,-1,6,0,6,34,318727,13366,0
318734,-3,101,-3,101,-3,101,-2,101,-2,101,0,61,0,61,0,61,0,61,0,61,0,7,0,7,0,7,0,7,0,7,34,318762,13398,0
318766,-2,101,-1,101,0,101,0,101,0,101,0,61,0,61,1,61,1,61,1,61,0,8,0,8,0,8,0,8,0,8,34,318797,13432,0
318800,0,101,0,101,0,101,1,101,1,101,1,61,1,61,0,61,0,61,0,61,0,8,0,8,1,8,1,8,1,8,34,318830,13468,0
318836,1,101,1,101,1,101,2,101,2,101,0,61,0,61,0,61,1,61,1,61,1,8,1,8,1,8,1,9,1,9,34,318864,13499,0
318867,2,101,2,101,2,101,6,101,6,101,1,61,1,61,1,61,0,60,0,60,1,9,1,9,2,9,4,9,4,9,34,318902,13537,0
318906,7,101,6,101,4,101,4,101,1,101,0,60,0,60,0,60,0,60,-1,60,3,8,2,8,2,8,2,8,1,8,34,318939,13574,0
318942,1,101,1,101,1,101,1,101,1,101,-1,60,-1,59,-1,59,-1,59,-1,59,0,8,0,8,0,8,0,8,-1,8,34,318970,13607,0
318976,1,101,1,100,1,100,2,100,1,100,-1,59,-1,59,-1,59,-1,59,0,59,-1,8,0,8,0,8,0,8,0,8,34,319004,13639,0
319007,1,100,1,100,0,100,0,100,0,100,0,59,0,60,0,60,0,60,0,60,0,8,0,8,0,8,0,9,0,9,34,319046,13681,0
319049,0,100,0,99,0,99,0,99,0,99,0,60,0,60,0,60,0,60,0,60,0,9,0,10,0,10,0,10,0,10,34,319079,13717,0
319086,-1,99,-1,99,-1,99,-2,98,-2,98,0,60,0,61,0,61,0,61,0,61,0,11,0,11,0,11,-1,11,-1,11,34,319116,13752,0
319121,-3,98,-3,98,-3,98,-4,98,-4,98,0,61,0,61,0,61,0,61,0,61,-1,11,-1,11,-1,11,-1,11,-1,11,34,319153,13788,0
319156,-4,98,-4,98,-4,98,-4,97,-4,97,0,61,0,61,0,61,0,61,0,61,-1,11,-1,11,-1,11,-1,12,-1,12,34,319189,13824,0
319193,-4,97,-4,97,-4,97,-3,97,-3,97,0,61,0,61,0,61,0,61,0,61,-1,12,-1,12,-1,12,0,11,0,11,34,319225,13860,0
319229,-3,97,-3,97,-2,97,-1,97,-1,97,0,61,0,61,0,62,0,62,0,62,0,11,0,11,0,10,0,10,0,10,34,319260,13897,0
319265,-1,97,0,97,0,97,0,97,1,97,0,62,0,62,0,62,0,62,0,63,0,10,0,9,1,9,1,9,1,9,34,319296,13931,0
319299,1,97,1,98,2,98,2,98,2,98,0,63,0,63,0,63,0,63,0,63,1,9,1,9,2,9,2,9,2,9,34,319329,13967,0
319335,3,98,3,98,3,98,3,98,4,98,0,63,0,63,0,63,0,63,0,63,1,8,1,8,1,8,1,8,2,8,34,319363,13998,0
319366,4,98,6,98,6,98,4,98,4,98,0,63,0,63,1,63,2,62,2,62,2,8,2,8,1,8,0,8,0,8,34,319401,14036,0
319404,3,99,3,99,3,99,1,99,1,99,1,62,1,62,1,62,1,62,1,61,0,8,0,8,0,7,0,7,0,7,34,319438,14073,0
319441,1,99,1,99,1,99,2,99,2,99,1,61,1,61,1,61,0,61,1,61,0,7,0,8,0,8,0,8,0,8,34,319470,14107,0
319475,2,99,1,99,1,99,0,99,0,99,1,61,1,61,1,61,1,61,0,61,0,8,0,8,0,9,0,9,0,9,34,319503,14138,0
319506,0,99,0,100,0,100,-1,100,-1,100,0,61,0,61,0,62,0,62,0,62,0,9,0,9,0,9,0,9,0,9,34,319544,14179,0
319547,-1,100,-1,100,-2,100,-2,101,-2,101,0,62,0,62,0,62,0,62,0,62,0,9,0,9,-1,9,-1,9,-1,9,34,319578,14217,0
319585,-2,101,-3,101,-3,101,-3,101,-3,102,0,62,0,62,0,62,0,62,0,62,-1,9,-1,9,-1,10,-1,10,-1,10,34,319615,14250,0
319619,-3,102,-4,102,-4,102,-4,102,-4,102,0,62,0,62,0,62,0,62,0,62,-1,10,-1,10,-1,10,-1,10,-1,10,34,319652,14288,0
319656,-4,102,-4,102,-3,102,-3,103,-3,103,0,62,0,62,0,62,0,62,0,62,-1,11,-1,11,-1,11,-1,11,0,11,34,319688,14323,0
319692,-3,103,-3,103,-2,103,-2,103,-2,103,0,62,0,62,0,62,0,62,0,62,0,11,0,11,0,11,0,11,0,11,34,319726,14364,0
319733,-1,103,-1,103,0,103,0,103,0,103,0,62,0,62,0,62,0,62,0,62,0,12,0,12,0,12,0,12,1,12,34,319761,14397,0
319766,0,104,1,104,1,104,1,104,2,104,0,62,0,62,0,62,0,62,0,62,1,12,1,12,1,12,1,12,1,12,34,319796,14431,0
319799,2,104,2,104,2,104,2,104,1,104,0,62,0,62,1,62,1,61,1,61,1,12,2,12,2,12,1,12,1,11,34,319837,14472,0
319840,1,104,3,104,4,104,6,104,6,104,1,61,1,61,0,61,0,60,0,60,1,11,2,11,3,11,4,10,4,10,34,319869,14507,0
319875,5,104,2,104,2,104,2,104,1,104,0,60,0,60,0,60,-1,59,-1,59,3,10,0,9,0,9,0,9,0,9,34,319904,14539,0
319907,1,104,1,104,1,103,2,103,2,103,-1,59,-1,59,-1,59,-1,59,-1,59,0,9,0,9,0,9,0,9,0,9,34,319945,14580,0
319948,2,103,1,103,1,103,1,103,1,103,-1,59,-1,59,-1,59,-1,59,-1,60,0,9,0,9,0,9,0,9,0,9,34,319978,14617,0
319985,1,103,1,103,0,102,0,102,0,102,0,60,0,60,0,60,0,60,0,60,0,9,0,9,0,10,0,10,0,10,34,320016,14655,0
320023,0,102,-1,102,-1,101,-1,101,-1,101,0,60,0,60,0,60,0,60,0,60,0,11,0,11,0,11,0,11,0,11,34,320052,14687,0
320056,-1,101,-2,101,-3,101,-3,100,-3,100,0,60,0,60,0,60,0,60,0,60,0,11,-1,11,-1,11,-1,11,-1,11,34,320088,14723,0
320092,-4,100,-4,100,-4,100,-4,99,-4,99,0,60,0,60,0,59,0,59,0,59,-1,10,-1,10,-1,10,-1,10,-1,10,34,320122,14757,0
320126,-4,99,-4,99,-4,99,-4,99,-4,99,0,59,0,59,0,59,0,59,0,59,-1,10,-1,10,-1,10,-1,10,-1,10,34,320157,14796,0
320164,-4,99,-4,99,-4,99,-3,99,-3,99,0,60,0,60,0,60,0,60,0,60,-1,9,0,9,0,9,0,9,0,8,34,320195,14830,0
320198,-3,99,-2,99,-1,99,-1,99,-1,99,0,60,0,60,0,60,0,60,0,61,0,8,0,8,0,8,0,8,0,7,34,320228,14866,0
320235,0,99,0,99,0,99,1,99,1,99,0,61,0,61,0,61,0,61,0,62,0,7,1,7,1,7,1,7,1,7,34,320264,14899,0
320267,1,99,2,99,2,99,2,99,2,99,0,62,0,62,0,62,0,62,0,62,1,7,2,7,2,7,2,6,1,6,34,320302,14937,0
320305,2,99,2,99,3,99,3,99,4,99,0,62,0,62,0,62,0,61,0,61,1,6,1,6,2,6,2,6,3,6,34,320338,14973,0
320341,5,99,5,100,4,100,2,100,2,100,0,61,0,61,1,61,1,61,1,61,2,6,2,6,1,6,0,6,0,6,34,320369,15006,0
320375,2,100,1,100,1,100,1,100,1,100,1,60,1,60,1,60,1,60,1,60,0,5,0,5,0,5,0,5,0,5,34,320403,15038,0
320406,1,100,1,100,1,100,1,100,1,100,1,60,1,60,1,60,1,61,1,61,0,5,0,5,0,5,-1,5,-1,5,34,320444,15079,0
320447,1,100,1,100,1,100,1,100,1,101,1,61,1,61,0,61,0,61,0,61,-1,5,-1,6,0,6,0,6,0,6,34,320478,15117,0
320485,0,101,0,101,0,101,0,101,0,101,0,62,0,62,0,62,0,62,0,62,0,6,-1,6,-1,6,-1,7,-1,7,34,320516,15155,0
320523,-1,101,-1,101,-1,101,-1,102,-2,102,0,62,0,62,0,62,0,62,0,62,-1,7,-1,7,-1,8,-1,8,-1,8,34,320552,15187,0
320555,-2,102,-3,102,-3,102,-4,102,-4,102,0,62,0,62,0,62,0,62,0,62,-1,8,-1,8,-1,9,-1,9,-1,9,34,320588,15223,0
320591,-4,102,-4,102,-4,102,-4,102,-4,102,0,62,0,62,0,62,0,62,0,62,-1,9,-1,9,-1,9,-1,10,-1,10,34,320626,15265,0
320633,-4,102,-4,102,-4,102,-3,102,-3,102,0,62,0,62,0,62,0,62,0,62,-1,10,-1,10,-1,11,0,11,0,11,34,320661,15297,0
320665,-3,102,-2,102,-2,102,-1,102,-1,102,0,62,0,62,0,62,0,62,0,62,0,12,0,12,0,12,0,12,0,12,34,320700,15335,0
320703,-1,102,0,102,0,102,0,102,0,102,0,62,0,62,0,62,0,62,0,62,0,13,0,13,0,13,1,13,1,13,34,320738,15373,0
320741,1,102,1,102,1,102,1,102,2,103,0,62,0,62,0,62,0,62,1,62,1,13,1,13,1,13,1,13,2,13,34,320776,15415,0
320783,2,103,2,103,2,103,3,103,4,103,1,62,1,62,1,62,1,61,0,61,1,13,1,13,1,13,2,13,2,13,34,320811,15447,0
320815,4,103,6,103,5,103,5,103,3,102,0,61,0,61,0,61,0,61,0,60,2,12,3,11,2,11,2,11,1,11,34,320846,15481,0
320849,3,102,3,102,2,102,1,102,1,102,0,60,-1,60,-1,60,-1,59,-1,59,1,11,1,10,1,10,0,10,0,10,34,320887,15522,0
320891,1,102,1,102,2,102,2,102,2,102,-1,59,-1,59,-1,59,-1,59,-1,59,0,10,0,10,0,10,0,10,0,10,34,320920,15557,0
320925,2,102,1,102,1,102,1,102,1,102,-1,60,-1,60,-1,60,0,60,0,60,0,10,0,10,0,10,0,11,0,11,34,320955,15590,0
320959,1,102,1,102,0,102,0,102,0,102,0,60,0,60,0,60,0,60,0,60,0,11,0,11,0,12,0,12,0,12,34,320995,15630,0
320998,0,102,0,102,-1,102,-2,102,-2,101,0,60,0,60,0,60,0,60,0,60,0,12,0,12,0,12,-1,12,-1,12,34,321028,15666,0
321035,-2,101,-3,101,-3,101,-4,101,-4,101,0,60,0,60,0,60,0,60,0,60,-1,12,-1,12,-1,12,-1,12,-1,12,34,321066,15705,0
321073,-4,101,-4,101,-4,101,-4,101,-4,101,0,60,0,60,0,60,0,60,0,60,-1,12,-1,12,-1,12,-1,12,-1,12,34,321102,15737,0
321106,-4,101,-4,101,-4,101,-4,101,-3,101,0,60,0,60,0,60,0,60,0,60,-1,12,-1,11,0,11,-1,11,0,10,34,321143,15778,0
321147,-3,101,-3,101,-2,101,-2,101,-2,101,0,60,0,60,0,60,0,61,0,61,0,10,0,10,0,10,0,10,0,9,34,321177,15816,0
321184,-1,101,0,101,0,101,0,101,1,101,0,61,0,61,0,61,0,61,0,62,0,9,1,9,1,9,1,8,1,8,34,321212,15847,0
321215,1,101,2,101,2,101,2,101,2,101,0,62,0,62,0,62,0,62,0,62,1,8,2,8,2,8,2,8,2,8,34,321250,15885,0
321253,2,101,2,101,2,101,2,101,2,101,0,62,0,62,0,62,0,62,0,61,2,8,1,8,1,7,1,7,1,7,34,321287,15922,0
321290,3,101,3,101,4,101,5,101,2,101,0,61,0,61,0,61,0,61,1,61,2,7,2,7,2,7,2,7,0,7,34,321320,15957,0
321325,2,102,1,102,1,102,1,102,1,102,1,60,1,60,1,60,1,59,1,59,0,7,0,7,0,7,0,7,0,7,34,321355,15990,0
321358,1,102,1,102,1,102,1,102,1,102,1,59,1,59,1,59,1,59,0,59,0,7,0,7,0,7,0,7,0,7,34,321394,16029,0
321397,1,102,1,102,1,102,1,102,1,103,0,59,0,59,0,59,0,59,1,59,0,7,0,6,0,6,0,6,0,6,34,321427,16066,0
321434,1,103,1,103,1,103,0,103,0,103,0,60,0,60,0,60,0,60,0,60,0,6,0,6,0,6,0,6,0,6,34,321462,16097,0
321465,0,103,0,103,-1,103,-1,103,-1,103,0,60,0,60,0,60,0,60,0,60,0,6,0,6,0,6,0,6,0,6,34,321500,16135,0
321503,-2,103,-2,103,-2,103,-2,104,-3,104,0,60,0,60,0,60,0,60,0,60,0,5,0,5,0,5,0,5,-1,5,34,321537,16172,0
321540,-3,104,-3,104,-4,104,-4,104,-4,104,0,60,0,60,0,60,0,60,0,60,-1,5,-1,5,-1,5,-1,5,-1,5,34,321569,16206,0
321574,-4,104,-4,104,-4,104,-4,104,-4,104,0,60,0,60,0,60,0,60,0,60,-1,5,-1,5,-1,5,-1,5,-1,5,34,321604,16239,0
321607,-4,104,-3,104,-3,104,-2,104,-2,104,0,60,0,60,0,60,0,61,0,61,-1,5,0,6,0,6,0,6,0,6,34,321644,16279,0
321647,-2,104,-2,104,-1,104,-1,104,-1,103,0,61,0,61,0,61,0,61,0,61,0,6,0,6,0,7,0,7,0,7,34,321677,16315,0
321684,0,103,0,103,0,103,0,103,1,103,0,61,0,61,0,61,0,61,1,62,0,7,0,7,0,7,0,8,1,8,34,321712,16347,0
321715,1,103,1,103,1,103,1,103,1,103,1,62,1,62,1,62,1,62,1,62,1,8,1,8,1,9,2,9,2,9,34,321750,16385,0
321754,1,103,1,103,1,103,1,103,3,103,1,61,1,61,1,61,1,61,1,61,1,9,1,9,1,9,1,9,2,9,34,321787,16422,0
321790,4,103,4,103,4,103,3,103,1,103,0,61,0,61,0,61,0,60,-1,60,3,9,3,9,3,8,1,8,0,8,34,321819,16456,0
321824,1,103,1,103,1,103,1,103,1,103,-1,60,-1,60,-1,60,-1,59,-1,59,0,8,0,8,0,8,0,7,0,8,34,321853,16488,0
321856,1,103,1,103,2,103,2,103,2,102,-1,59,-1,59,-1,59,-1,59,-1,59,0,8,0,8,0,8,0,8,0,8,34,321894,16529,0
321897,2,102,1,102,1,102,1,102,1,102,-1,59,-1,59,-1,59,0,59,0,60,0,8,0,8,0,8,0,8,0,9,34,321927,16565,0
321934,1,102,1,102,1,102,0,102,0,102,0,60,0,60,0,60,0,60,0,60,0,9,0,9,0,9,0,9,0,10,34,321962,16597,0
321965,0,102,0,102,0,102,-1,101,-1,101,0,60,0,60,0,60,0,60,0,60,0,10,0,10,0,10,0,9,0,9,34,322000,16635,0
322004,-2,101,-2,101,-3,101,-3,101,-4,101,0,60,0,60,0,60,0,60,0,60,-1,9,-1,9,-1,9,-1,9,-1,8,34,322037,16672,0
322040,-4,101,-4,101,-4,101,-4,100,-4,100,0,60,0,60,0,59,0,59,0,59,-1,8,-1,8,-1,8,-1,7,-1,7,34,322069,16706,0
322074,-4,100,-4,100,-4,100,-4,100,-4,100,0,59,0,59,0,59,0,59,0,59,-1,7,-1,7,-1,7,-1,7,-1,6,34,322104,16739,0
322107,-3,100,-3,100,-3,100,-3,100,-2,100,0,59,0,59,0,59,0,60,0,60,0,6,0,6,0,6,0,5,0,5,34,322144,16779,0
322147,-2,100,-1,100,-1,100,0,100,0,100,0,60,0,60,0,60,0,60,0,60,0,5,0,5,0,5,1,5,1,5,34,322177,16816,0
322184,0,100,1,100,1,100,2,100,2,100,0,61,0,61,0,61,0,61,0,61,1,5,1,5,1,5,1,5,2,5,34,322212,16847,0
322215,2,100,2,100,2,100,2,100,2,100,0,61,0,61,0,61,0,61,0,61,2,5,2,5,1,5,1,5,1,5,34,322250,16886,0
322254,2,100,3,100,4,100,4,100,4,100,0,61,0,61,0,61,0,60,0,60,1,5,1,5,2,5,2,5,2,5,34,322287,16922,0
322290,3,100,3,100,2,100,1,100,1,100,1,60,1,60,1,59,1,59,1,59,1,5,1,5,0,5,0,5,0,5,34,322318,16955,0
322324,1,100,1,100,1,100,1,101,1,101,1,58,1,58,1,58,1,58,1,58,0,4,0,4,0,4,0,4,0,4,34,322352,16987,0
322355,1,101,1,101,1,101,1,101,1,101,1,58,1,58,1,58,1,58,1,58,0,4,0,4,0,4,-1,4,-1,4,34,322387,17022,0
322390,0,101,0,101,0,101,0,101,0,101,1,58,1,58,0,58,0,58,0,58,0,4,0,4,0,4,0,4,0,4,34,322418,17055,0
322424,0,101,0,101,0,101,0,101,0,101,0,58,0,58,0,58,0,58,0,58,0,4,0,4,0,4,0,4,0,4,34,322452,17087,0
322455,0,101,-1,101,-1,102,-2,102,-2,102,0,58,0,58,0,58,0,58,0,58,0,4,0,4,0,4,0,4,0,4,34,322487,17122,0
322490,-2,102,-2,102,-3,102,-3,102,-4,102,0,58,0,58,0,58,0,58,0,58,-1,4,-1,4,-1,4,-1,5,-1,5,34,322519,17156,0
322524,-4,103,-4,103,-4,103,-4,103,-4,103,0,58,0,58,0,58,0,58,0,58,-1,5,-1,5,-1,5,-1,5,-1,5,34,322554,17189,0
322557,-3,103,-3,103,-3,103,-3,103,-3,103,0,58,0,58,0,58,0,58,0,59,-1,5,-1,5,0,5,0,6,0,6,34,322594,17229,0
322597,-3,103,-2,103,-2,104,-2,104,-2,104,0,59,0,59,0,59,0,59,0,59,0,6,0,6,0,6,0,6,0,7,34,322627,17265,0
322633,-1,104,-1,104,-1,104,-1,104,0,104,0,59,0,59,0,59,0,59,0,59,0,7,0,7,0,7,0,7,0,8,34,322662,17297,0
322665,0,104,0,104,0,104,1,104,1,104,0,59,0,59,0,59,0,59,0,59,0,8,0,8,1,8,1,8,1,8,34,322700,17335,0
322704,1,104,1,104,1,104,1,104,1,104,0,59,1,59,1,59,1,59,1,59,1,8,1,8,2,8,2,9,1,8,34,322737,17372,0
322740,1,104,1,104,2,104,3,104,5,104,1,59,1,59,1,59,0,59,0,59,1,8,1,8,1,8,2,8,2,8,34,322768,17405,0
322773,5,104,4,104,4,104,2,104,2,104,0,58,0,58,0,58,-1,58,-1,58,2,7,1,7,1,7,0,7,0,6,34,322802,17437,0
322805,2,104,1,104,1,104,1,103,1,103,-1,58,-1,57,-1,57,-1,57,-1,57,0,6,0,6,0,6,0,6,0,6,34,322843,17478,0
322846,1,103,1,103,2,103,1,103,1,102,-1,57,-1,57,-1,57,-1,57,-1,57,0,6,0,6,0,6,0,6,0,6,34,322877,17515,0
322883,1,102,1,102,1,102,1,101,1,101,-1,57,-1,57,-1,57,0,57,0,58,0,6,0,7,0,7,0,7,0,7,34,322913,17548,0
322916,1,101,0,101,0,101,0,100,0,100,0,58,0,58,0,58,0,58,0,58,0,7,0,8,0,8,0,8,0,8,34,322950,17585,0
322954,0,100,-1,99,-1,99,-1,99,-2,99,0,58,0,58,0,58,0,58,0,58,0,8,0,8,0,8,0,8,-1,8,34,322986,17621,0
322989,-2,99,-2,98,-3,98,-3,98,-4,98,0,58,0,58,0,58,0,58,0,58,-1,8,-1,8,-1,8,-1,8,-1,8,34,323018,17655,0
323023,-4,97,-4,97,-4,97,-5,97,-4,97,0,58,0,58,0,58,0,58,0,58,-1,8,-1,8,-1,8,-1,7,-1,7,34,323052,17687,0
323055,-4,97,-4,97,-4,96,-4,96,-3,96,0,58,0,58,0,58,0,58,0,58,-1,7,-1,7,-1,7,0,7,0,6,34,323093,17728,0
323096,-3,96,-2,96,-2,96,-2,96,-1,96,0,58,0,58,0,59,0,59,0,59,0,6,0,6,0,6,0,6,0,5,34,323126,17764,0
323133,-1,96,0,96,0,96,0,96,1,96,0,59,0,59,0,59,0,60,0,60,0,5,0,5,0,5,0,5,1,5,34,323161,17796,0
323164,1,96,2,96,2,96,2,95,2,95,0,60,0,60,0,60,0,60,0,60,1,5,1,5,2,5,2,5,2,5,34,323199,17834,0
323203,2,95,2,95,2,95,2,95,3,95,0,60,0,60,0,60,0,60,0,60,1,4,1,4,1,4,1,4,2,4,34,323236,17871,0
323239,3,95,4,95,5,95,4,95,2,95,0,60,0,60,0,60,0,59,1,59,2,4,2,4,2,4,1,4,0,4,34,323268,17905,0
323273,2,95,2,95,2,95,1,95,0,95,1,59,1,59,1,59,1,59,1,58,0,4,0,4,0,4,0,4,0,4,34,323301,17936,0
323304,0,95,0,95,1,95,1,95,1,96,1,58,1,58,1,58,1,58,1,58,0,4,0,4,0,5,-1,5,-1,5,34,323336,17971,0
323339,2,96,2,95,2,95,1,96,1,96,1,58,1,58,1,58,1,59,1,59,0,5,0,5,0,5,0,5,0,5,34,323368,18005,0
323373,1,96,1,96,1,96,1,96,1,96,1,59,0,59,0,59,0,59,0,59,0,5,0,5,0,5,0,5,0,5,34,323401,18036,0
323404,1,96,0,96,0,96,0,96,0,97,0,59,0,59,0,59,0,59,0,60,0,5,0,5,0,5,0,5,0,5,34,323436,18071,0
323439,-1,97,-1,97,-2,97,-2,97,-2,97,0,60,0,60,0,60,0,60,0,60,-1,5,-1,5,-1,5,-1,5,-1,5,34,323467,18105,0
323473,-2,97,-3,97,-3,97,-4,97,-4,97,0,60,0,60,0,60,0,60,0,60,-1,5,-1,5,-1,5,-1,5,-1,5,34,323501,18136,0
323504,-4,97,-4,98,-4,98,-4,98,-4,98,0,60,0,60,0,60,0,60,0,60,-1,5,-1,5,-1,5,-1,6,-1,6,34,323542,18177,0
323545,-4,98,-3,98,-3,98,-3,98,-3,98,0,60,0,60,0,60,0,61,0,61,-1,6,-1,6,0,6,0,6,0,7,34,323576,18214,0
323583,-3,98,-2,98,-2,98,-2,98,-2,99,0,61,0,61,0,61,0,61,0,61,0,7,0,7,0,7,0,7,0,8,34,323611,18246,0
323614,-2,99,-1,99,0,99,0,99,0,99,0,61,0,61,0,61,0,62,0,62,0,8,0,8,0,8,0,8,0,8,34,323649,18284,0
323653,0,99,1,99,1,99,1,100,2,100,0,62,0,62,0,62,0,62,0,62,1,9,1,9,1,9,1,9,2,9,34,323686,18321,0
323689,2,100,2,100,2,100,2,100,2,100,0,62,0,62,0,61,1,61,1,61,2,9,2,9,2,10,1,10,2,10,34,323717,18354,0
323723,2,100,2,101,2,101,3,101,4,101,1,61,1,61,1,61,0,60,0,60,2,10,2,10,2,10,2,9,2,9,34,323752,18387,0
323755,4,101,4,101,2,101,1,101,0,100,0,60,0,60,-1,59,-1,59,-1,58,2,9,1,8,0,8,0,7,0,7,34,323793,18428,0
323796,0,100,0,100,1,100,1,100,1,100,-1,58,-1,58,-1,58,-1,58,-1,58,0,7,0,7,0,7,0,7,0,7,34,323826,18464,0
323833,2,99,2,99,2,99,1,99,1,98,0,58,0,58,0,58,0,58,0,58,0,7,0,7,0,7,0,7,0,7,34,323861,18496,0
323864,1,98,0,98,0,98,0,97,0,97,0,58,-1,58,0,58,0,58,0,58,0,7,0,7,0,7,0,7,0,7,34,323900,18535,0
323903,0,97,0,96,0,96,0,96,0,96,0,58,0,58,0,58,0,58,0,58,0,8,0,8,0,8,0,8,0,8,34,323936,18571,0
323939,-1,95,-1,95,-1,95,-2,95,-3,95,0,58,0,58,0,58,0,58,0,58,0,8,0,8,0,8,0,8,0,8,34,323967,18604,0
323972,-3,94,-3,94,-3,94,-3,93,-3,93,0,58,0,58,0,58,0,58,0,58,0,7,0,7,0,7,0,7,-1,7,34,324001,18636,0
324004,-3,93,-4,93,-4,92,-4,92,-4,92,0,58,0,58,0,58,0,58,0,58,-1,7,-1,6,-1,6,-1,6,0,6,34,324042,18677,0
324045,-4,92,-3,92,-3,91,-3,91,-3,91,0,58,0,58,0,58,0,58,0,58,0,6,0,5,0,5,0,5,0,5,34,324076,18714,0
324082,-2,91,-2,91,-2,91,-2,91,-1,91,0,58,0,58,0,58,0,58,0,58,0,5,0,5,0,5,0,4,0,4,34,324110,18745,0
324113,-1,91,0,91,0,91,0,91,0,91,0,58,0,58,0,58,0,59,0,59,0,4,0,4,0,4,1,4,1,4,34,324148,18783,0
324151,1,91,2,91,2,91,2,91,2,91,0,59,0,59,0,59,0,59,0,59,1,4,1,4,1,3,1,3,1,3,34,324185,18820,0
324188,2,91,2,90,1,90,2,91,4,91,0,59,0,59,0,59,0,58,0,58,1,3,1,3,1,2,1,2,2,2,34,324217,18854,0
