"Board: F8:F0:5:F7:4D:69","Recording: n1335_s6528_c1_mowalk_tb1","Started: 2018-10-29_20:14:00"
0,1,2,3,4,5,6,7,8,9,10,11,12,13,14,15,16,17,18,19,20,21,22,23,24,25,26,27,28,29,30,31,32,33,34
937630,-1,142,-1,143,-1,143,-1,143,-1,143,0,51,0,51,-1,51,-2,51,-2,51,0,-95,0,-95,0,-95,0,-95,0,-95,35,937660,57237,0
937667,-2,144,-2,144,-2,144,-3,144,-3,145,-2,52,-2,52,-2,52,-3,52,-3,52,0,-95,0,-95,0,-95,0,-95,0,-95,35,937696,57270,0
937700,-3,145,-3,145,-3,145,-3,145,-3,145,-3,52,-3,52,-3,52,-3,52,-3,52,0,-95,0,-96,1,-96,1,-96,1,-96,35,937733,57307,0
937737,-3,145,-3,146,-3,146,-3,146,-2,146,-3,52,-3,52,-2,52,-2,53,-2,53,1,-96,1,-96,2,-96,2,-96,1,-96,35,937769,57343,0
937773,-2,146,-2,146,-1,146,-1,146,0,146,-2,53,-2,53,-1,53,-1,53,0,53,1,-96,1,-95,1,-95,1,-94,2,-94,35,937801,57377,0
937807,0,146,0,146,0,146,0,146,0,146,0,53,0,53,0,53,0,53,0,53,2,-94,2,-93,2,-93,2,-93,2,-92,35,937836,32,0
937840,0,146,1,146,1,146,1,146,2,146,0,53,1,53,1,53,1,53,2,53,2,-92,2,-91,2,-91,1,-90,2,-89,35,937876,72,0
937880,2,146,2,146,3,146,3,146,3,146,2,53,2,53,3,54,3,54,3,54,2,-89,2,-89,3,-88,4,-88,4,-88,35,937910,109,0
937916,5,146,5,146,6,145,6,145,5,144,2,54,2,54,2,54,2,54,2,54,2,-87,2,-87,0,-86,0,-85,-2,-83,35,937944,140,0
937948,5,144,5,144,4,144,3,143,3,143,2,54,2,54,2,55,1,55,1,55,-2,-83,-3,-82,-4,-81,-4,-80,-4,-80,35,937982,178,0
937986,2,143,2,143,2,143,2,142,3,142,0,55,0,55,0,55,0,56,0,56,-5,-81,-5,-81,-5,-81,-4,-83,-2,-84,35,938019,215,0
938023,3,142,3,141,2,141,2,140,1,140,0,56,0,56,0,56,0,56,0,56,-1,-84,-1,-84,0,-85,0,-85,0,-85,35,938051,249,0
938056,1,140,1,139,0,139,0,138,0,138,0,56,1,56,1,56,1,56,0,56,0,-85,0,-84,0,-84,0,-84,0,-84,35,938087,283,0
938091,0,138,0,137,-1,137,-2,137,-2,136,0,56,0,56,0,56,0,56,-1,56,0,-84,0,-85,0,-85,0,-85,0,-86,35,938126,322,0
938130,-2,136,-4,135,-4,135,-5,135,-5,134,-1,56,-2,56,-2,56,-2,56,-2,56,0,-86,0,-86,0,-87,0,-87,0,-88,35,938159,359,0
938166,-6,134,-6,134,-6,134,-6,133,-6,133,-3,56,-3,56,-3,56,-3,56,-3,56,0,-88,0,-89,0,-89,0,-90,0,-90,35,938194,390,0
938198,-6,133,-6,133,-5,133,-5,133,-5,133,-3,56,-3,56,-3,56,-3,56,-3,56,0,-90,0,-90,0,-90,0,-91,0,-91,35,938232,429,0
938236,-4,133,-3,133,-3,133,-2,133,-1,134,-2,56,-2,56,-2,56,-2,55,-2,55,0,-90,0,-90,0,-90,0,-90,0,-89,35,938269,466,0
938273,0,134,0,134,0,134,1,134,2,134,-1,55,-1,55,-1,55,-1,55,0,55,1,-89,1,-89,1,-88,0,-87,1,-87,35,938301,499,0
938306,2,135,4,135,4,135,5,135,6,136,0,54,1,54,1,54,2,54,3,53,1,-86,1,-86,1,-86,1,-85,1,-83,35,938336,532,0
938340,6,136,6,136,5,136,5,136,5,136,3,53,3,53,3,52,2,52,2,52,2,-83,2,-82,3,-81,3,-81,3,-81,35,938376,572,0
938380,5,136,3,136,3,136,2,136,2,136,2,52,2,52,3,52,4,52,4,52,3,-81,2,-81,2,-81,1,-81,1,-80,35,938409,609,0
938416,2,137,2,137,2,137,1,138,0,138,4,52,4,51,4,51,4,51,3,51,0,-80,-1,-79,-1,-79,-3,-78,-4,-78,35,938444,640,0
938448,0,138,0,139,0,139,-1,139,-1,139,3,51,1,51,1,51,0,51,0,51,-4,-78,-4,-78,-4,-79,-4,-80,-4,-80,35,938482,679,0
938486,-1,139,-1,139,0,139,0,139,0,139,0,51,0,51,0,51,0,51,0,51,-3,-81,-1,-81,-1,-81,-1,-82,-1,-82,35,938519,715,0
938523,0,139,0,139,0,139,0,139,0,139,0,51,0,51,0,51,0,51,0,51,0,-82,0,-82,0,-82,0,-82,0,-82,35,938551,749,0
938556,0,139,0,139,0,139,0,139,0,139,0,51,0,51,0,51,0,51,0,51,0,-82,0,-82,0,-82,0,-82,0,-83,35,938586,782,0
938590,0,139,0,139,-1,139,-2,139,-2,139,-1,51,-1,51,-2,52,-2,52,-3,52,0,-83,0,-83,0,-84,0,-84,0,-85,35,938626,822,0
938630,-2,139,-3,139,-3,139,-4,139,-4,139,-3,52,-3,52,-3,53,-4,53,-4,53,0,-85,0,-86,0,-86,0,-86,0,-87,35,938659,859,0
938666,-4,139,-4,139,-4,139,-4,139,-4,139,-4,53,-3,53,-3,53,-3,53,-3,54,0,-88,1,-88,1,-88,1,-89,1,-89,35,938694,891,0
938698,-4,139,-3,139,-3,139,-3,139,-2,139,-3,54,-3,54,-2,54,-1,54,-1,54,1,-89,1,-89,1,-89,1,-89,1,-89,35,938732,929,0
938736,-2,139,-1,139,-1,139,-1,139,0,139,-1,54,0,54,0,54,0,54,0,54,1,-89,1,-89,1,-89,1,-88,1,-88,35,938769,965,0
938773,0,139,0,139,1,139,1,139,2,139,0,54,0,54,0,54,1,54,1,54,2,-88,2,-88,2,-87,2,-86,2,-86,35,938801,999,0
938806,2,139,2,139,2,139,3,138,2,138,1,54,2,54,2,54,3,54,3,54,2,-86,2,-85,2,-85,1,-84,2,-84,35,938836,1032,0
938840,2,138,2,138,3,138,4,138,5,138,3,54,3,54,3,54,3,54,2,54,2,-84,2,-83,3,-83,3,-83,2,-83,35,938876,1072,0
938880,5,138,5,138,4,138,4,138,4,137,2,54,2,54,1,54,2,54,2,54,2,-83,1,-82,0,-81,-1,-81,-1,-79,35,938909,1108,0
938916,4,137,3,137,3,137,1,137,1,137,2,55,1,55,1,55,1,55,0,55,-3,-79,-3,-78,-3,-78,-4,-79,-4,-79,35,938944,1140,0
938948,1,137,1,137,1,136,1,136,2,136,0,55,0,55,0,55,0,55,0,55,-4,-79,-4,-80,-3,-81,-2,-82,-1,-82,35,938982,1179,0
938986,2,136,2,136,1,136,1,135,1,135,0,55,0,55,0,55,0,55,0,55,-1,-83,-1,-83,0,-83,0,-83,0,-83,35,939019,1215,0
939023,1,135,1,135,0,135,0,135,0,135,0,55,0,55,1,55,1,55,0,55,0,-83,0,-84,0,-84,0,-84,0,-84,35,939051,1248,0
939056,0,134,0,134,-1,134,-1,134,-2,133,0,55,0,55,-1,55,-1,54,-1,54,0,-84,0,-84,0,-84,0,-85,0,-85,35,939086,1283,0
939090,-2,133,-2,133,-3,133,-4,133,-4,132,-1,54,-1,54,-2,54,-2,54,-2,54,0,-85,0,-85,0,-86,0,-87,0,-87,35,939126,1323,0
939130,-4,132,-4,132,-5,132,-5,132,-5,132,-2,54,-2,54,-2,54,-3,54,-3,54,0,-87,0,-88,0,-88,0,-88,0,-89,35,939159,1359,0
939166,-4,132,-4,132,-4,132,-4,133,-3,133,-3,54,-3,54,-3,54,-3,53,-3,53,0,-89,1,-89,1,-89,1,-89,1,-89,35,939195,1391,0
939199,-3,133,-3,133,-2,133,-1,133,0,133,-3,53,-3,53,-2,53,-2,53,-1,53,1,-89,1,-89,1,-89,1,-89,1,-89,35,939233,1430,0
939237,0,133,0,134,1,134,1,134,1,134,-1,53,-1,52,0,52,0,52,0,52,1,-89,1,-88,1,-88,1,-88,1,-87,35,939269,1465,0
939273,2,135,2,135,3,135,4,136,5,136,1,52,1,52,1,52,2,51,2,51,1,-87,1,-87,1,-86,1,-86,1,-86,35,939302,1499,0
939306,5,136,5,136,5,136,5,136,5,136,2,51,2,51,1,51,1,51,1,51,1,-85,1,-85,1,-85,1,-85,2,-85,35,939337,1533,0
939341,4,136,4,136,4,136,3,136,3,137,2,51,2,51,3,51,3,51,3,51,2,-85,2,-84,1,-84,0,-84,-1,-83,35,939376,1572,0
939380,3,137,2,137,1,137,0,137,0,137,3,51,3,51,3,51,2,51,2,51,-1,-83,-2,-83,-3,-82,-4,-82,-4,-82,35,939409,1609,0
939416,0,137,0,137,0,137,0,137,0,137,2,51,2,51,2,51,2,51,2,51,-4,-83,-4,-83,-4,-83,-3,-84,-2,-84,35,939444,1640,0
939448,0,137,0,137,0,137,0,137,0,137,2,51,2,51,1,51,1,51,0,51,-2,-84,-1,-84,-1,-84,-1,-84,0,-84,35,939482,1678,0
939486,0,137,0,137,0,137,0,137,0,137,0,51,0,51,0,51,0,52,0,52,0,-84,0,-83,0,-83,0,-83,0,-83,35,939519,1715,0
939523,0,137,0,137,0,137,-1,137,-2,137,0,52,0,52,0,52,-1,52,-1,52,0,-83,0,-83,0,-83,0,-83,0,-83,35,939551,1748,0
939556,-2,137,-2,137,-3,137,-3,137,-3,137,-1,53,-2,53,-2,53,-2,53,-3,53,0,-83,0,-84,0,-84,0,-84,0,-85,35,939586,1783,0
939590,-4,137,-4,137,-4,137,-4,137,-4,137,-3,53,-3,53,-3,54,-4,54,-4,54,0,-85,0,-85,0,-85,0,-86,0,-86,35,939625,1822,0
939629,-4,137,-4,137,-4,137,-3,137,-3,137,-4,54,-3,54,-3,54,-2,54,-2,54,0,-86,0,-86,0,-87,1,-87,1,-87,35,939659,1859,0
939666,-3,137,-3,137,-3,137,-2,137,-1,137,-2,54,-2,54,-2,55,-1,55,0,55,1,-87,1,-87,1,-87,1,-87,1,-87,35,939696,1894,0
939701,-1,137,-1,138,0,138,0,138,0,138,0,55,0,55,0,55,0,55,0,55,1,-87,1,-86,1,-86,2,-86,2,-85,35,939733,1929,0
939737,0,138,1,138,1,138,1,138,2,138,0,55,0,54,0,54,0,54,1,54,2,-85,1,-85,1,-85,1,-84,1,-83,35,939769,1965,0
939773,2,138,2,138,2,138,2,138,2,138,2,54,2,54,2,54,3,54,4,54,1,-83,1,-83,1,-82,2,-82,3,-81,35,939805,2001,0
939809,2,138,3,138,4,137,5,137,4,137,4,54,4,54,3,54,2,54,2,54,3,-81,3,-81,2,-81,0,-80,0,-80,35,939840,2039,0
939845,4,137,4,137,4,137,4,137,3,137,2,54,2,54,2,54,2,54,1,54,0,-79,0,-78,-1,-78,-1,-77,-3,-76,35,939876,2072,0
939880,3,137,2,137,1,137,1,137,1,137,1,54,0,55,0,55,0,55,0,55,-3,-76,-4,-76,-4,-76,-4,-77,-3,-77,35,939912,2109,0
939916,1,136,1,136,1,136,2,136,2,135,0,55,0,55,0,55,0,55,0,55,-3,-78,-2,-79,-2,-79,-1,-80,0,-80,35,939944,2140,0
939948,2,135,2,135,2,135,2,135,1,135,0,55,0,55,0,55,1,55,1,55,0,-80,0,-80,0,-80,0,-80,0,-80,35,939982,2179,0
939986,1,134,1,134,0,134,0,134,0,134,1,55,1,55,0,55,0,55,0,54,0,-79,0,-79,0,-79,0,-80,0,-80,35,940018,2214,0
940021,0,134,0,133,-1,133,-2,132,-3,132,0,54,0,54,-1,54,-1,54,-2,54,0,-80,0,-80,0,-81,0,-81,0,-81,35,940050,2248,0
940056,-3,132,-4,132,-4,132,-4,131,-4,131,-2,54,-2,54,-2,54,-2,54,-2,54,0,-82,0,-82,0,-82,0,-83,0,-83,35,940086,2283,0
940090,-5,131,-5,131,-5,131,-5,131,-5,130,-2,54,-2,54,-2,54,-3,54,-3,54,0,-83,0,-84,0,-84,0,-85,0,-85,35,940125,2321,0
940129,-5,130,-4,130,-4,130,-3,130,-3,130,-3,54,-3,54,-3,54,-3,54,-3,54,0,-85,0,-85,0,-85,0,-85,0,-85,35,940159,2358,0
940166,-2,130,-2,130,-2,130,-1,131,0,131,-2,54,-2,54,-2,54,-2,53,-1,53,1,-85,1,-85,1,-85,1,-84,0,-84,35,940197,2397,0
940204,0,131,1,131,1,131,2,131,3,132,0,53,0,53,0,53,0,52,1,52,1,-84,1,-84,1,-83,1,-82,1,-82,35,940233,2429,0
940305,3,132,2,132,2,132,2,132,3,133,2,51,3,51,3,51,3,51,3,51,2,-79,0,-79,0,-79,0,-78,0,-78,35,940335,2531,0
940339,3,133,1,133,0,133,0,133,0,134,3,51,3,51,3,51,2,51,2,51,0,-78,-2,-77,-3,-77,-3,-77,-3,-77,35,940375,2571,0
940379,0,134,0,134,0,134,-1,134,-1,134,2,51,1,51,1,51,1,51,1,51,-3,-77,-3,-78,-3,-79,-2,-79,-2,-79,35,940408,2608,0
940415,-1,134,0,134,0,134,0,134,0,134,1,51,0,51,0,51,0,51,0,51,-1,-80,-1,-80,-1,-80,-1,-80,0,-80,35,940443,2639,0
940447,0,134,0,135,0,135,0,135,0,135,0,51,0,51,0,51,0,51,0,51,0,-80,0,-80,0,-80,0,-80,0,-80,35,940481,2678,0
940485,0,135,0,135,0,135,0,136,0,136,0,51,0,51,0,51,0,51,0,51,0,-80,0,-80,0,-80,0,-81,0,-81,35,940518,2714,0
940522,-1,136,-1,136,-2,137,-2,137,-2,137,-1,52,-1,52,-2,52,-2,52,-2,52,0,-81,0,-81,0,-82,0,-82,0,-82,35,940550,2748,0
940555,-2,137,-3,137,-3,137,-3,137,-3,138,-2,52,-3,52,-3,52,-3,53,-3,53,0,-83,0,-84,0,-84,0,-84,0,-85,35,940586,2783,0
940590,-3,138,-3,138,-3,138,-3,138,-3,138,-3,53,-3,53,-3,53,-2,53,-2,53,0,-85,0,-85,0,-86,1,-86,1,-86,35,940625,2822,0
940629,-3,138,-2,138,-2,139,-2,139,-2,139,-2,53,-2,53,-1,53,-1,53,-1,53,1,-86,0,-86,0,-86,0,-86,0,-86,35,940658,2858,0
940665,-1,139,0,140,0,140,0,140,0,140,-1,53,0,53,0,53,0,53,0,53,0,-86,1,-86,1,-86,1,-85,1,-85,35,940693,2890,0
940697,0,140,0,140,1,140,1,140,1,140,0,53,0,53,1,53,1,53,1,53,1,-85,1,-85,1,-84,1,-84,1,-84,35,940731,2927,0
940735,1,140,2,140,2,140,2,140,2,140,2,53,2,53,3,53,3,53,3,53,1,-83,1,-82,2,-82,2,-82,3,-81,35,940768,2964,0
940771,2,140,2,140,3,140,4,140,4,140,3,53,3,53,2,53,2,53,1,53,3,-81,3,-81,2,-81,1,-80,0,-80,35,940800,2998,0
940805,4,140,4,140,4,140,4,140,4,140,1,53,1,53,1,53,1,53,1,53,0,-79,0,-78,0,-78,-1,-77,-3,-76,35,940835,3031,0
940839,3,140,3,139,2,139,1,139,1,139,0,53,0,53,0,53,0,54,0,54,-3,-76,-3,-76,-3,-76,-3,-76,-3,-76,35,940875,3071,0
940879,1,139,1,139,1,139,1,139,1,138,0,54,0,54,0,54,0,54,0,54,-3,-76,-2,-77,-1,-78,-1,-78,-1,-78,35,940908,3108,0
940915,1,138,1,138,1,138,1,137,1,137,0,54,0,54,0,54,0,54,0,54,0,-79,0,-79,0,-79,0,-79,0,-79,35,940943,3139,0
940947,1,137,1,137,0,136,0,136,0,136,0,54,0,54,0,54,0,54,0,54,0,-79,0,-79,0,-79,0,-80,0,-80,35,940981,3177,0
940985,0,136,0,135,-1,135,-1,135,-2,134,0,54,0,54,-1,54,-1,54,-2,54,0,-80,0,-81,0,-81,0,-81,0,-82,35,941018,3214,0
941022,-3,134,-3,134,-4,134,-4,133,-4,133,-2,54,-2,54,-2,54,-2,54,-2,54,0,-82,0,-82,0,-83,0,-84,0,-84,35,941050,3248,0
941055,-4,133,-4,133,-5,133,-5,133,-5,133,-2,54,-2,54,-2,54,-2,54,-2,54,0,-84,0,-85,0,-85,0,-86,0,-86,35,941086,3282,0
941090,-4,133,-4,133,-4,133,-3,133,-3,133,-2,54,-2,54,-2,54,-2,54,-2,54,0,-86,0,-87,0,-87,0,-87,0,-88,35,941125,3321,0
941129,-3,133,-2,133,-1,133,0,133,0,133,-2,54,-2,53,-2,53,-1,53,-1,53,0,-88,0,-88,0,-88,1,-88,1,-88,35,941158,3358,0
941165,0,134,1,134,1,134,3,134,3,135,-1,53,-1,53,-1,53,0,52,0,52,1,-87,1,-87,1,-87,1,-87,1,-86,35,941193,3389,0
941197,3,135,4,135,4,135,4,136,4,136,0,52,1,52,2,51,2,51,2,51,1,-86,1,-85,1,-85,1,-84,2,-84,35,941231,3427,0
941235,4,136,4,136,4,136,4,136,3,136,2,51,1,51,1,51,1,51,1,51,2,-84,2,-84,2,-84,2,-84,2,-84,35,941268,3464,0
941272,3,136,3,136,3,136,3,137,3,137,2,51,2,51,2,51,3,50,3,50,1,-84,1,-84,1,-84,0,-84,0,-84,35,941300,3498,0
941305,3,137,2,137,2,137,1,137,0,137,3,50,3,50,3,50,3,50,2,50,0,-83,-2,-82,-2,-82,-2,-82,-3,-82,35,941335,3531,0
941339,0,137,0,137,-1,137,-1,138,-1,138,1,50,1,50,1,50,1,50,1,50,-3,-82,-3,-82,-3,-83,-2,-83,-2,-84,35,941375,3572,0
941379,-1,138,-1,138,0,138,0,138,0,138,1,50,0,50,0,50,0,50,0,51,-2,-84,-1,-84,-1,-84,-1,-84,-1,-85,35,941408,3608,0
941415,0,138,0,139,0,139,0,139,0,139,0,51,0,51,0,51,0,51,0,51,-1,-85,0,-85,0,-85,0,-85,0,-85,35,941443,3639,0
941447,0,139,0,139,0,139,-1,140,-1,140,0,51,0,51,0,51,-1,51,-1,51,0,-85,0,-85,0,-85,0,-85,0,-85,35,941481,3677,0
941485,-1,140,-2,140,-2,140,-2,140,-2,141,-1,51,-1,51,-2,51,-2,51,-3,52,0,-86,0,-86,0,-86,0,-86,0,-87,35,941518,3714,0
941522,-3,141,-3,141,-3,141,-3,141,-3,141,-3,52,-3,52,-3,52,-3,52,-3,52,0,-87,0,-87,0,-88,0,-88,0,-88,35,941550,3748,0
941555,-3,141,-3,142,-3,142,-3,142,-2,142,-3,52,-3,52,-3,53,-3,53,-2,53,0,-89,1,-89,1,-89,1,-89,1,-89,35,941586,3783,0
941591,-2,142,-2,142,-2,142,-1,142,-1,143,-2,53,-2,53,-1,53,-1,53,0,53,1,-89,1,-89,1,-89,1,-89,1,-89,35,941625,3821,0
941629,-1,143,-1,143,0,143,0,143,0,143,0,53,0,53,0,53,0,53,0,53,1,-89,1,-89,1,-88,1,-88,1,-88,35,941658,3858,0
941665,0,143,0,143,0,144,1,144,1,144,0,53,0,53,0,53,0,53,1,53,2,-88,2,-88,2,-88,2,-87,1,-87,35,941694,3890,0
941698,1,144,1,144,2,144,2,144,2,144,1,53,1,53,2,53,2,53,3,53,1,-87,1,-86,1,-85,2,-85,3,-85,35,941732,3928,0
941736,2,144,3,144,4,144,4,144,5,144,3,53,3,53,3,53,3,53,2,53,3,-85,3,-84,2,-84,2,-84,1,-83,35,941768,3964,0
941772,4,145,4,145,4,144,4,144,3,144,1,53,1,53,2,53,2,53,1,53,0,-82,0,-82,0,-81,0,-80,-2,-80,35,941801,3998,0
941805,3,144,3,144,2,144,2,145,1,145,1,54,1,54,0,54,0,54,0,54,-2,-79,-3,-78,-3,-78,-3,-78,-3,-79,35,941836,4033,0
941840,1,145,1,144,1,144,1,144,1,144,0,54,0,54,0,54,-1,55,-1,55,-3,-79,-3,-79,-2,-80,-2,-81,0,-82,35,941875,4071,0
941879,1,144,1,143,1,143,1,143,1,143,-1,55,0,55,0,55,0,55,0,55,0,-82,0,-82,0,-82,0,-82,0,-82,35,941908,4108,0
941915,1,142,0,142,0,142,0,142,0,141,0,55,0,54,0,54,0,54,0,54,0,-82,0,-82,0,-82,0,-82,0,-82,35,941943,4139,0
941947,0,141,0,141,-1,140,-1,140,-2,140,0,54,0,54,0,54,-1,54,-2,54,0,-82,0,-82,0,-82,0,-83,0,-83,35,941981,4178,0
941985,-2,140,-3,139,-3,139,-3,139,-4,138,-2,54,-2,54,-2,54,-2,54,-2,55,0,-83,0,-84,0,-84,0,-84,0,-85,35,942018,4214,0
942022,-4,138,-4,138,-4,138,-4,137,-4,137,-2,55,-2,55,-2,55,-2,55,-2,55,0,-85,0,-85,0,-86,0,-86,0,-86,35,942050,4248,0
942055,-4,137,-4,137,-4,137,-4,137,-3,137,-2,55,-2,55,-2,54,-2,54,-2,54,0,-87,0,-87,0,-87,0,-87,0,-87,35,942086,4284,0
942091,-2,137,-2,137,-2,137,-1,137,0,138,-2,54,-1,54,-1,54,-1,54,-1,54,0,-87,0,-87,0,-87,0,-87,0,-86,35,942125,4321,0
942129,0,138,0,138,1,138,1,138,1,138,-1,54,0,54,0,53,0,53,0,53,0,-86,1,-86,1,-85,1,-85,1,-85,35,942158,4357,0
942165,3,138,3,139,3,139,4,139,4,139,1,53,1,53,1,53,1,52,1,52,1,-84,1,-84,1,-84,1,-83,1,-82,35,942195,4393,0
942200,5,139,5,140,5,140,4,140,4,140,1,52,1,52,1,52,1,52,1,52,1,-82,1,-82,2,-81,2,-81,2,-81,35,942232,4428,0
942236,4,140,3,140,2,140,2,140,2,140,1,52,3,51,3,51,3,51,3,51,2,-81,1,-81,1,-81,1,-80,0,-79,35,942268,4464,0
942271,1,141,1,141,0,141,0,142,0,142,3,51,3,51,3,51,2,51,1,51,-2,-78,-2,-78,-3,-78,-3,-77,-3,-77,35,942303,4499,0
942307,0,142,0,142,0,142,0,142,0,143,1,51,1,51,1,51,2,51,2,51,-3,-77,-4,-77,-3,-78,-3,-78,-3,-79,35,942338,4537,0
942344,0,143,0,143,0,143,0,143,0,143,2,51,1,51,1,51,1,51,1,51,-1,-79,-1,-79,-1,-79,-1,-79,0,-79,35,942375,4571,0
942379,0,143,0,143,0,144,0,144,0,144,1,51,1,51,1,51,0,51,0,51,0,-79,0,-79,0,-79,0,-79,0,-79,35,942408,4607,0
942415,0,144,0,144,0,144,0,144,0,144,0,51,0,51,0,51,-1,51,-1,51,0,-79,0,-79,0,-79,0,-79,0,-79,35,942443,4639,0
942447,0,144,-2,144,-2,144,-3,145,-3,145,-1,51,-3,51,-3,52,-3,52,-4,52,0,-79,0,-80,0,-80,0,-81,0,-81,35,942481,4678,0
942485,-3,145,-4,145,-4,145,-4,145,-4,145,-4,52,-4,52,-4,52,-4,53,-4,53,0,-81,0,-82,0,-82,0,-83,0,-83,35,942518,4715,0
942522,-4,145,-4,145,-3,145,-3,145,-3,145,-4,53,-4,53,-3,53,-2,53,-2,53,0,-84,0,-84,0,-84,0,-84,0,-84,35,942550,4748,0
942555,-3,145,-2,145,-2,146,-2,146,-2,146,-2,53,-1,53,-1,53,-1,53,-1,53,0,-85,0,-85,0,-85,0,-85,0,-85,35,942586,4786,0
942593,-1,146,0,146,0,147,0,147,0,147,0,53,0,53,0,53,0,53,0,53,0,-85,0,-85,0,-85,1,-84,2,-84,35,942625,4821,0
942629,0,147,0,148,1,148,1,148,1,148,0,53,1,52,2,52,2,52,2,52,2,-84,2,-84,2,-83,2,-83,2,-82,35,942658,4857,0
942664,2,148,2,148,2,148,2,148,2,149,2,52,3,52,3,52,3,52,3,52,1,-81,2,-81,2,-81,3,-80,3,-80,35,942692,4889,0
942696,2,149,3,148,4,148,4,148,4,148,3,52,3,52,1,52,1,53,1,53,3,-80,3,-79,2,-78,1,-77,1,-77,35,942730,4926,0
942734,4,148,4,148,4,148,4,148,4,148,1,53,1,53,1,53,2,53,1,53,0,-76,0,-76,0,-75,-2,-73,-3,-73,35,942767,4963,0
942771,3,148,3,148,1,148,1,148,1,148,1,53,1,53,0,53,0,54,0,54,-3,-72,-3,-72,-3,-72,-3,-73,-3,-73,35,942799,4997,0
942805,1,147,2,147,2,147,2,147,2,146,0,54,0,54,0,54,0,54,0,54,-3,-73,-3,-74,-3,-74,-2,-75,-2,-75,35,942834,5031,0
942838,2,146,2,146,1,146,1,146,1,146,0,54,0,54,0,54,1,54,1,54,-2,-75,-1,-76,0,-76,0,-76,0,-77,35,942874,5071,0
942878,1,146,0,146,0,145,0,145,0,145,1,54,1,54,1,54,0,54,0,54,0,-77,0,-77,0,-78,0,-78,0,-78,35,942907,5107,0
942914,-1,145,-1,145,-1,144,-2,144,-3,143,0,54,-1,54,-1,54,-2,54,-2,54,0,-79,0,-79,0,-80,0,-81,0,-81,35,942942,5139,0
942946,-3,143,-3,143,-4,143,-4,143,-4,143,-2,54,-3,54,-3,54,-3,54,-3,54,0,-81,0,-82,0,-83,0,-84,0,-84,35,942980,5177,0
942984,-4,142,-4,142,-4,142,-4,142,-4,141,-3,54,-3,54,-3,54,-3,54,-3,54,0,-85,0,-85,0,-85,0,-86,0,-86,35,943017,5214,0
943021,-4,141,-4,141,-4,141,-3,141,-2,141,-3,54,-3,54,-2,54,-2,54,-2,54,0,-86,0,-86,0,-86,0,-86,0,-86,35,943049,5247,0
943054,-2,141,-1,141,0,141,0,141,0,142,-2,54,-1,54,-1,54,-1,54,0,54,0,-86,1,-86,1,-86,1,-86,1,-85,35,943085,5282,0
943089,0,142,0,142,1,142,2,142,3,143,0,54,0,53,0,53,1,53,1,53,0,-85,0,-85,0,-84,1,-83,1,-83,35,943124,5320,0
943128,3,143,4,143,4,143,4,143,4,143,1,53,2,53,2,52,2,52,2,52,1,-83,1,-82,1,-82,1,-82,1,-82,35,943157,5357,0
943164,4,144,4,144,4,144,4,144,4,144,1,52,1,52,1,52,1,52,2,52,1,-82,2,-82,2,-82,1,-82,1,-81,35,943192,5388,0
943196,4,144,3,144,3,145,2,145,2,145,2,52,3,52,3,52,3,52,3,52,1,-81,0,-81,0,-80,-1,-80,-1,-80,35,943230,5427,0
943234,1,145,0,146,0,146,0,146,0,146,2,52,2,52,2,52,1,52,1,52,-2,-79,-3,-79,-3,-79,-3,-80,-3,-80,35,943267,5463,0
943271,0,146,0,146,-1,146,0,146,0,146,2,52,2,52,2,52,1,52,1,52,-3,-80,-3,-81,-2,-82,-1,-82,-1,-82,35,943299,5497,0
943304,0,147,0,147,0,147,0,147,0,147,1,52,1,52,1,52,1,52,0,52,-1,-83,-1,-83,-1,-83,-1,-83,0,-83,35,943335,5531,0
943339,0,147,0,148,0,148,0,148,0,148,0,52,0,52,0,52,0,52,0,52,0,-83,0,-83,0,-83,0,-84,0,-84,35,943374,5570,0
943378,0,148,0,148,0,148,-1,148,-1,149,0,52,0,52,-1,53,-2,53,-2,53,0,-84,0,-84,0,-85,0,-85,0,-85,35,943407,5607,0
943414,-2,149,-2,149,-2,149,-2,149,-3,149,-2,53,-2,53,-2,53,-3,53,-3,53,0,-86,0,-86,0,-86,0,-87,0,-87,35,943442,5638,0
943446,-3,149,-3,149,-4,149,-4,150,-4,150,-3,53,-3,54,-3,54,-3,54,-3,54,0,-87,0,-88,0,-88,1,-88,1,-88,35,943480,5677,0
943484,-3,150,-3,150,-3,150,-3,150,-2,150,-3,54,-2,54,-2,54,-2,54,-1,54,1,-89,1,-89,1,-89,1,-89,1,-89,35,943517,5714,0
943521,-2,150,-2,150,-2,150,-1,151,0,151,-1,54,-1,54,-1,54,0,54,0,54,1,-89,1,-89,1,-89,1,-89,1,-89,35,943549,5747,0
943554,0,151,0,151,0,151,0,151,0,151,0,54,0,54,0,54,0,54,1,54,1,-89,1,-88,1,-88,1,-88,2,-88,35,943585,5781,0
943589,1,151,1,151,1,151,1,151,2,152,1,54,1,54,1,54,2,54,2,54,2,-88,2,-87,1,-86,1,-86,1,-85,35,943624,5820,0
943628,2,152,2,152,1,152,2,152,2,152,2,54,3,54,3,54,3,54,3,54,1,-85,1,-85,2,-85,3,-85,3,-84,35,943657,5857,0
943664,3,152,4,152,4,152,4,151,4,151,2,54,2,54,2,54,1,54,0,54,3,-84,2,-84,2,-84,1,-83,0,-82,35,943692,5888,0
943696,4,151,3,151,3,151,2,151,2,151,0,54,0,54,0,54,0,54,0,54,0,-82,-1,-80,-2,-79,-3,-78,-3,-78,35,943730,5927,0
943734,1,151,1,150,1,150,1,150,1,150,0,54,0,54,0,54,0,55,0,55,-3,-78,-3,-78,-4,-78,-4,-78,-3,-79,35,943767,5964,0
943771,1,150,1,150,1,150,1,149,1,149,0,55,0,55,0,55,0,55,0,55,-3,-80,-3,-80,-2,-80,-2,-81,0,-81,35,943799,5997,0
943804,1,149,1,149,1,149,1,149,1,149,0,55,0,55,0,55,0,55,1,55,0,-81,0,-82,0,-82,0,-82,0,-82,35,943834,6030,0
943838,0,149,0,149,0,148,0,148,0,148,1,55,1,55,1,55,0,55,0,55,0,-82,0,-82,0,-82,0,-83,0,-83,35,943874,6070,0
943878,0,148,-1,148,-1,148,-2,148,-2,147,0,55,-1,55,-1,55,-2,55,-2,55,0,-83,0,-83,0,-84,0,-84,0,-84,35,943907,6107,0
943914,-3,147,-4,147,-4,147,-4,147,-4,146,-2,55,-3,55,-3,55,-3,55,-2,55,0,-85,0,-85,0,-85,0,-85,0,-86,35,943942,6139,0
943946,-4,146,-4,146,-4,146,-4,146,-4,146,-2,55,-2,55,-2,55,-2,55,-2,55,0,-86,0,-86,0,-87,0,-87,0,-87,35,943980,6177,0
943984,-3,146,-3,146,-2,146,-2,146,-2,147,-2,55,-2,54,-2,54,-2,54,-2,54,1,-87,1,-87,1,-87,1,-87,1,-87,35,944017,6213,0
944021,-1,147,-1,147,0,147,0,147,1,147,-1,54,-1,54,-1,54,-1,54,0,54,1,-86,1,-86,1,-86,0,-85,1,-85,35,944049,6247,0
944054,1,147,1,147,1,147,2,148,2,148,0,54,0,53,0,53,0,53,0,53,1,-85,1,-84,1,-84,1,-84,1,-83,35,944084,6280,0
944088,3,148,3,148,4,149,4,149,4,149,1,53,1,53,2,52,1,52,1,52,1,-83,1,-83,0,-82,1,-82,1,-82,35,944124,6320,0
944128,4,149,4,149,4,149,3,149,3,149,1,52,1,52,1,52,2,52,2,52,1,-82,2,-81,2,-81,1,-81,1,-81,35,944157,6357,0
944164,3,150,4,150,4,150,4,150,3,151,3,52,3,52,3,52,3,52,4,51,0,-80,0,-80,0,-80,0,-79,-1,-79,35,944192,6388,0
944196,3,151,1,151,0,151,0,151,0,151,4,51,3,51,2,51,2,51,2,51,-1,-79,-2,-78,-3,-78,-3,-79,-3,-79,35,944230,6427,0
944234,0,151,-1,151,-1,151,-1,151,-1,151,1,51,1,52,1,52,1,52,0,52,-3,-79,-2,-80,-2,-80,-2,-80,-1,-81,35,944267,6466,0
944271,0,151,0,151,0,151,0,151,0,151,0,52,0,52,0,52,0,52,0,52,-1,-81,-1,-81,0,-81,0,-81,0,-81,35,944299,6497,0
944304,0,151,0,152,0,152,0,152,0,152,0,52,0,52,0,52,0,52,0,52,0,-81,0,-81,0,-81,0,-81,0,-81,35,944334,6530,0
944338,0,152,0,152,-1,152,-1,152,-2,152,0,52,0,52,-1,52,-1,53,-2,53,0,-81,0,-81,0,-81,0,-81,0,-82,35,944374,6571,0
944378,-2,152,-2,152,-3,152,-3,152,-3,152,-2,53,-2,53,-3,53,-3,53,-3,53,0,-82,0,-82,0,-83,0,-83,0,-83,35,944407,6607,0
944414,-3,152,-3,152,-3,152,-4,152,-4,152,-3,53,-3,53,-3,54,-3,54,-3,54,0,-83,0,-83,0,-84,0,-84,0,-85,35,944442,6638,0
944446,-4,152,-3,152,-3,152,-3,152,-3,152,-3,54,-3,54,-2,54,-2,54,-2,54,0,-85,1,-85,1,-85,1,-85,1,-85,35,944480,6677,0
944484,-2,152,-1,152,-1,152,-1,152,-1,152,-2,54,-1,54,0,54,0,54,0,54,1,-85,1,-85,1,-85,1,-85,1,-85,35,944517,6714,0
944521,0,153,0,153,0,153,0,153,1,153,0,54,0,54,0,54,1,54,1,54,1,-84,1,-84,2,-84,2,-83,2,-83,35,944549,6747,0
944554,1,153,1,153,1,153,2,153,2,153,1,54,1,54,1,54,2,54,2,54,2,-83,1,-82,1,-82,1,-81,1,-81,35,944584,6780,0
944588,2,153,2,153,2,153,2,153,2,153,3,54,3,54,3,54,4,54,3,54,1,-81,1,-80,2,-80,3,-80,3,-79,35,944624,6820,0
944628,2,153,4,153,5,153,5,153,5,153,3,54,2,54,1,54,1,54,1,54,3,-79,1,-79,0,-78,0,-78,0,-77,35,944657,6857,0
944664,5,152,4,152,4,152,3,152,3,152,1,54,1,54,1,54,1,54,1,54,0,-76,-2,-75,-2,-75,-3,-74,-3,-73,35,944692,6888,0
944696,3,152,2,152,1,152,1,151,1,151,1,54,0,54,0,54,0,54,0,54,-3,-73,-3,-74,-3,-74,-2,-75,-2,-75,35,944730,6927,0
944734,1,151,1,151,0,151,0,150,0,150,0,54,0,55,0,55,0,55,0,55,-2,-75,-1,-76,0,-76,0,-76,0,-77,35,944767,6963,0
944771,0,150,0,150,0,150,0,150,0,150,0,55,0,55,0,55,0,54,0,54,0,-77,0,-77,0,-77,0,-77,0,-77,35,944799,6997,0
944804,0,150,0,149,0,149,-1,149,-1,149,0,54,0,54,0,54,0,54,0,54,0,-77,0,-77,0,-77,0,-77,0,-77,35,944834,7030,0
944838,-2,149,-2,149,-3,148,-3,148,-4,148,-1,54,-1,54,-2,54,-2,54,-2,54,0,-77,0,-78,0,-78,0,-79,0,-80,35,944874,7071,0
944878,-4,148,-4,148,-4,147,-4,147,-4,147,-2,54,-2,54,-2,54,-2,54,-2,54,0,-80,0,-80,0,-81,0,-81,0,-82,35,944907,7107,0
944914,-4,147,-4,147,-4,147,-4,147,-3,147,-2,54,-2,54,-2,54,-2,54,-2,54,0,-82,0,-83,0,-83,0,-83,0,-83,35,944942,7138,0
944946,-3,147,-3,147,-1,147,-1,147,0,147,-2,54,-2,54,-2,54,-1,54,-1,54,0,-83,0,-84,1,-84,1,-83,1,-83,35,944981,7177,0
944985,0,147,0,147,0,147,1,147,1,147,-1,54,-1,54,0,54,0,54,0,53,1,-83,1,-83,1,-82,1,-82,1,-82,35,945017,7214,0
945021,2,147,2,147,3,147,3,148,4,148,0,53,0,53,1,53,1,53,2,53,1,-81,1,-81,1,-81,1,-80,1,-80,35,945049,7247,0
945054,4,148,4,148,4,148,4,148,4,148,2,53,2,52,1,52,1,52,1,52,1,-80,1,-79,1,-79,1,-79,1,-79,35,945084,7280,0
945088,3,148,3,148,3,148,3,148,2,148,1,52,1,52,1,52,2,52,2,52,2,-79,2,-79,2,-79,1,-79,0,-79,35,945124,7320,0
945128,2,148,2,149,2,149,1,149,1,149,2,52,2,52,2,52,2,52,2,52,0,-79,0,-78,-2,-78,-3,-78,-3,-77,35,945157,7357,0
945164,0,149,0,149,0,149,0,149,0,149,2,52,2,52,2,52,1,52,1,52,-3,-77,-3,-77,-3,-77,-3,-78,-2,-78,35,945193,7389,0
945197,0,149,0,149,0,149,0,149,0,149,1,52,1,52,1,52,1,52,0,52,-2,-78,-2,-79,-2,-79,-1,-80,-1,-80,35,945230,7427,0
945234,0,149,0,149,0,149,0,149,0,149,0,52,0,52,0,52,0,52,0,52,-1,-80,-1,-80,0,-80,0,-80,0,-80,35,945267,7463,0
945271,0,149,0,149,0,150,0,150,0,150,0,52,0,52,0,53,0,53,0,53,0,-80,0,-80,0,-81,0,-81,0,-82,35,945302,7498,0
945306,0,150,-1,150,-2,150,-2,150,-2,150,0,53,0,53,-1,53,-1,53,-1,54,0,-82,0,-82,0,-83,0,-83,0,-83,35,945337,7536,0
945343,-2,150,-3,150,-3,150,-3,151,-3,151,-1,54,-2,54,-2,54,-2,54,-3,54,0,-84,0,-84,0,-84,0,-85,0,-85,35,945374,7571,0
945378,-3,151,-3,151,-3,151,-3,151,-3,151,-3,54,-3,54,-3,54,-2,54,-2,54,0,-85,0,-86,0,-86,1,-87,1,-87,35,945409,7607,0
945414,-3,151,-2,151,-2,151,-2,152,-2,152,-2,55,-2,55,-2,55,-2,55,-2,55,1,-87,1,-87,1,-87,1,-88,1,-88,35,945442,7638,0
945446,-2,152,-2,152,-1,152,-1,152,0,152,-2,55,-1,55,-1,55,0,55,0,55,1,-88,1,-88,1,-88,1,-88,1,-88,35,945480,7677,0
945484,0,152,0,152,0,152,0,152,1,152,0,55,0,55,0,55,0,55,1,55,1,-88,1,-88,1,-88,1,-88,1,-87,35,945517,7713,0
945521,2,152,2,152,2,152,2,152,2,152,1,55,1,55,1,55,3,55,3,55,1,-87,1,-87,1,-86,1,-86,2,-86,35,945549,7746,0
945554,2,152,2,152,2,152,2,152,4,152,3,55,3,55,4,55,4,55,3,55,2,-85,2,-85,3,-85,3,-85,1,-84,35,945584,7780,0
945588,4,152,4,152,4,152,3,151,2,151,2,55,2,55,1,55,1,55,1,55,0,-84,0,-84,0,-83,0,-82,-2,-81,35,945623,7820,0
945627,2,151,2,151,1,151,1,151,1,151,1,55,1,55,1,55,0,55,0,55,-2,-81,-3,-80,-3,-80,-4,-80,-4,-80,35,945657,7857,0
945664,1,151,1,151,1,151,1,151,2,150,0,55,0,55,0,55,0,56,0,56,-3,-80,-3,-81,-3,-81,-2,-82,-2,-82,35,945694,7893,0
945700,2,150,2,150,2,150,2,150,1,150,0,56,0,56,0,56,0,56,1,56,-1,-83,-1,-83,0,-83,0,-83,0,-83,35,945731,7927,0
945735,1,150,1,150,1,150,1,150,0,149,1,56,1,56,1,56,1,56,0,55,0,-83,0,-83,0,-83,0,-83,0,-83,35,945767,7963,0
945771,0,149,0,149,0,149,-1,149,-2,149,0,55,0,55,0,55,-1,55,-2,55,0,-83,0,-83,0,-83,0,-84,0,-84,35,945803,8000,0
945807,-2,149,-2,149,-3,148,-4,148,-4,148,-2,55,-2,55,-2,55,-3,55,-3,55,0,-84,0,-84,0,-85,0,-85,0,-85,35,945837,8036,0
945843,-4,148,-4,148,-4,148,-4,148,-4,148,-3,55,-3,55,-3,55,-3,55,-3,55,0,-86,0,-86,0,-86,0,-86,0,-87,35,945874,8071,0
945878,-4,148,-4,148,-4,148,-4,149,-3,149,-3,55,-3,55,-2,55,-2,55,-2,55,0,-87,0,-87,1,-87,0,-87,0,-87,35,945910,8107,0
945914,-3,149,-2,149,-2,149,-1,149,0,149,-2,55,-2,55,-2,55,-2,55,-1,55,0,-87,0,-87,0,-87,0,-87,1,-87,35,945942,8138,0
945946,0,149,0,149,0,150,1,150,2,150,-1,55,-1,54,0,54,0,54,0,54,1,-87,1,-87,1,-87,1,-86,1,-86,35,945980,8177,0
945984,2,150,3,151,4,151,4,151,4,151,0,54,0,54,1,54,1,53,1,53,1,-86,1,-86,1,-86,1,-85,1,-85,35,946016,8212,0
946020,5,151,5,151,5,151,4,151,4,151,1,53,1,53,1,53,1,53,2,53,1,-85,1,-84,1,-84,1,-84,2,-84,35,946048,8246,0
946053,4,151,4,151,4,151,3,151,2,151,2,53,3,52,3,52,3,52,3,52,2,-84,2,-84,2,-84,1,-83,0,-83,35,946083,8279,0
946087,2,151,2,152,2,152,1,152,0,152,3,52,3,52,3,52,2,52,1,52,0,-83,-1,-82,-2,-82,-2,-81,-3,-81,35,946123,8319,0
946127,0,152,0,153,0,153,0,153,0,153,1,52,1,52,0,52,1,52,1,52,-3,-81,-3,-81,-3,-82,-3,-82,-3,-82,35,946156,8356,0
946163,0,152,0,152,0,152,0,152,0,152,1,52,1,52,1,52,1,52,1,52,-1,-83,-1,-83,-1,-83,-1,-83,-1,-83,35,946191,8388,0
946195,0,152,0,152,0,152,0,152,0,152,1,52,1,52,1,52,1,52,1,52,-1,-83,0,-83,0,-83,0,-83,0,-83,35,946229,8425,0
946233,0,152,0,152,0,152,0,152,0,152,0,52,0,52,0,52,0,52,0,53,0,-83,0,-83,0,-83,0,-83,0,-83,35,946266,8464,0
946270,-1,152,-1,152,-2,152,-2,152,-3,152,-1,53,-1,53,-2,53,-2,53,-2,53,0,-83,0,-84,0,-84,0,-84,0,-84,35,946298,8496,0
946303,-3,152,-4,152,-4,152,-4,152,-4,152,-2,53,-3,53,-3,53,-3,53,-4,54,0,-85,0,-85,0,-86,0,-86,0,-86,35,946334,8531,0
946338,-4,152,-4,152,-4,152,-4,152,-4,152,-4,54,-4,54,-3,54,-3,54,-3,54,0,-86,0,-87,0,-87,0,-87,0,-87,35,946373,8570,0
946377,-4,152,-3,153,-3,153,-2,153,-2,153,-3,54,-2,54,-2,54,-1,54,-1,54,0,-87,0,-87,0,-88,0,-88,0,-87,35,946406,8606,0
946413,-2,153,-1,153,-1,153,-1,153,0,153,-1,54,0,54,0,54,0,54,0,54,1,-87,1,-87,1,-87,1,-87,1,-86,35,946441,8637,0
946445,0,153,0,153,1,153,1,153,1,153,0,54,1,54,1,54,1,54,1,54,1,-86,1,-86,1,-85,1,-85,1,-85,35,946479,8676,0
946483,1,153,2,154,2,154,2,154,2,154,1,54,2,54,2,54,3,54,3,54,1,-84,1,-83,1,-83,1,-83,2,-83,35,946516,8712,0
946519,2,154,2,154,3,154,4,154,5,154,4,54,4,53,3,53,3,53,2,53,3,-83,3,-82,3,-82,2,-81,1,-81,35,946548,8746,0
946553,5,154,5,154,5,154,4,154,4,154,2,53,1,53,1,53,2,53,2,53,1,-81,0,-79,0,-79,0,-78,-1,-77,35,946583,8779,0
946587,4,154,4,154,2,154,1,154,0,154,2,53,2,53,1,54,0,54,0,54,-2,-77,-2,-76,-3,-76,-4,-76,-4,-76,35,946623,8819,0
946627,0,154,0,153,1,153,1,153,1,153,0,54,-1,54,-1,54,-1,54,-1,54,-4,-76,-3,-77,-3,-78,-2,-78,-2,-79,35,946656,8856,0
946663,1,153,2,153,2,153,2,152,2,152,-1,55,0,55,0,55,0,54,0,54,-1,-80,0,-80,0,-80,0,-80,0,-80,35,946691,8888,0
946695,2,152,1,152,1,152,1,152,1,152,0,54,0,54,1,54,0,54,0,54,0,-80,0,-79,0,-79,0,-79,0,-79,35,946729,8925,0
946733,0,152,0,151,0,151,0,151,-1,151,0,54,0,54,0,54,0,54,-1,54,0,-79,0,-80,0,-80,0,-80,0,-81,35,946766,8962,0
946770,-2,151,-2,150,-3,150,-3,150,-4,150,-1,54,-1,54,-2,54,-2,54,-2,54,0,-81,0,-81,0,-82,0,-82,0,-82,35,946798,8996,0
946803,-4,149,-4,149,-5,149,-5,149,-5,149,-2,54,-2,54,-3,54,-3,54,-3,54,0,-83,0,-84,0,-84,0,-84,0,-85,35,946834,9031,0
946838,-5,149,-5,149,-4,149,-4,149,-3,149,-3,54,-3,54,-3,54,-3,54,-2,54,0,-85,0,-85,0,-85,0,-85,0,-85,35,946873,9070,0
946877,-3,149,-3,149,-2,149,-1,149,-1,149,-2,54,-2,54,-2,54,-2,54,-2,53,0,-85,1,-85,0,-85,0,-85,0,-85,35,946906,9106,0
946913,0,149,0,149,0,150,0,150,1,150,-1,53,-1,53,-1,53,0,53,0,53,0,-84,0,-84,0,-84,0,-83,0,-83,35,946941,9137,0
946945,1,150,2,150,3,151,4,151,4,151,0,53,0,52,1,52,2,52,2,52,0,-83,0,-82,1,-81,1,-81,1,-81,35,946979,9175,0
946983,4,151,5,152,5,152,5,152,5,151,2,52,2,51,1,51,1,51,1,51,1,-80,1,-80,2,-80,2,-80,2,-79,35,947016,9212,0
947020,4,151,4,151,3,152,3,152,3,152,2,51,2,51,2,51,3,51,2,51,2,-79,2,-79,2,-79,0,-78,0,-78,35,947048,9246,0
947053,3,152,4,152,4,152,1,153,0,153,2,51,3,51,3,51,3,51,2,51,0,-78,-1,-78,-1,-78,-3,-77,-3,-77,35,947083,9279,0
947087,0,153,0,153,0,153,0,153,0,153,2,51,2,51,1,51,1,51,2,51,-3,-77,-3,-78,-3,-78,-3,-79,-2,-80,35,947123,9320,0
947127,0,153,0,153,0,153,0,153,0,153,2,51,1,51,1,51,1,51,1,51,-2,-80,-1,-81,-1,-81,-1,-81,-1,-81,35,947156,9356,0
947163,0,153,0,153,0,153,0,153,0,153,1,51,1,51,1,51,1,51,0,52,0,-81,0,-81,0,-81,0,-81,0,-81,35,947191,9387,0
947195,0,153,0,153,0,153,0,153,0,153,0,52,0,52,0,52,0,52,0,52,0,-81,0,-82,0,-82,0,-82,0,-82,35,947229,9426,0
947233,0,153,-1,154,-2,154,-2,154,-2,154,-1,52,-1,52,-2,52,-2,52,-3,52,0,-83,0,-84,0,-84,0,-84,0,-85,35,947266,9462,0
947270,-3,154,-3,154,-3,154,-4,154,-4,154,-3,52,-3,52,-4,53,-4,53,-4,53,0,-85,0,-85,0,-86,0,-87,0,-87,35,947299,9496,0
947303,-4,154,-4,154,-4,154,-4,154,-4,154,-4,53,-4,53,-3,53,-3,53,-3,53,0,-87,0,-88,0,-89,0,-89,1,-89,35,947335,9535,0
947342,-3,154,-3,154,-3,154,-2,154,-2,154,-3,53,-2,53,-2,53,-1,53,-1,53,1,-89,1,-89,1,-90,1,-90,1,-89,35,947373,9570,0
947377,-2,154,-2,154,-1,154,0,154,0,154,-1,53,0,53,0,53,0,53,0,53,1,-89,1,-89,1,-89,1,-89,1,-88,35,947406,9606,0
947413,0,155,1,155,1,155,1,155,2,155,1,53,1,53,1,53,1,53,2,53,2,-88,2,-87,2,-87,1,-87,1,-86,35,947441,9637,0
947445,2,155,2,155,2,155,2,155,2,155,2,53,2,53,3,53,3,53,3,53,1,-86,1,-85,1,-85,2,-84,2,-84,35,947479,9675,0
947483,2,155,2,155,3,155,3,155,5,155,3,53,3,53,3,53,3,53,1,53,3,-84,3,-84,3,-84,3,-84,2,-83,35,947516,9712,0
947520,5,155,5,155,5,154,4,154,3,154,0,53,0,53,0,53,1,53,1,53,1,-82,1,-82,0,-81,-2,-80,-3,-80,35,947548,9746,0
947553,3,154,2,154,2,154,1,154,0,154,1,53,0,53,0,53,0,53,0,54,-3,-79,-3,-78,-3,-78,-4,-78,-4,-78,35,947583,9779,0
947587,0,154,0,154,1,154,1,153,2,153,0,54,0,54,0,54,0,54,0,54,-3,-78,-3,-79,-3,-81,-2,-82,-1,-83,35,947623,9819,0
947627,2,153,2,153,2,153,1,153,1,152,0,54,0,54,0,54,0,54,0,54,-1,-83,0,-83,0,-83,0,-83,0,-84,35,947656,9855,0
947663,1,152,1,152,1,152,1,152,0,152,0,54,0,54,0,54,0,54,0,54,0,-84,0,-84,0,-84,0,-84,0,-85,35,947691,9887,0
947695,0,152,0,151,0,151,-1,150,-2,150,0,54,0,54,0,54,-1,54,-2,54,0,-85,0,-85,0,-86,0,-86,0,-86,35,947729,9926,0
947733,-2,150,-3,150,-3,150,-3,149,-4,149,-2,54,-2,54,-2,54,-2,54,-3,54,0,-87,0,-87,0,-87,0,-88,0,-89,35,947766,9963,0
947770,-5,149,-5,149,-5,149,-5,149,-5,149,-2,54,-2,54,-2,54,-2,54,-3,54,0,-89,0,-89,0,-90,0,-90,0,-90,35,947799,9996,0
947803,-5,149,-4,149,-4,149,-4,149,-4,149,-3,54,-3,54,-3,54,-3,54,-3,54,0,-90,0,-91,0,-91,0,-91,0,-91,35,947835,10035,0
947842,-3,149,-2,149,-2,149,-2,149,0,149,-3,54,-2,54,-2,54,-2,54,-1,53,0,-91,0,-91,1,-91,1,-90,1,-90,35,947873,10069,0
947877,0,149,0,150,1,150,2,150,2,150,-1,53,-1,53,0,53,0,53,0,53,1,-90,1,-90,0,-89,1,-89,1,-89,35,947906,10106,0
947913,3,151,4,151,4,151,5,151,5,152,1,53,1,53,1,52,2,52,2,52,2,-88,2,-88,2,-87,1,-87,0,-86,35,947941,10137,0
947945,5,152,5,152,5,152,4,152,4,152,2,52,1,51,1,51,1,51,1,51,0,-86,1,-85,1,-85,2,-85,2,-85,35,947979,10176,0
947983,4,152,4,152,3,152,3,152,3,153,3,51,3,51,3,51,3,51,3,51,2,-85,1,-85,1,-85,1,-85,0,-84,35,948016,10212,0
948020,2,153,2,153,1,153,0,153,0,153,3,51,3,51,2,50,1,50,0,50,-2,-83,-2,-83,-3,-82,-4,-82,-4,-82,35,948048,10246,0
948053,0,153,-1,153,-1,153,-1,153,-1,153,0,50,0,51,1,51,1,51,1,51,-4,-83,-4,-84,-3,-84,-3,-84,-2,-85,35,948084,10284,0
948091,0,153,0,153,0,153,0,153,0,153,1,51,1,51,1,51,1,51,1,51,-1,-85,-1,-85,-1,-86,-1,-86,0,-85,35,948123,10319,0
948127,0,153,0,153,0,153,0,153,0,153,1,51,1,51,1,51,1,51,1,51,0,-85,0,-85,0,-85,0,-85,0,-85,35,948156,10355,0
948163,0,153,0,153,0,153,0,153,0,153,0,51,0,51,0,51,0,51,0,51,0,-85,0,-85,0,-85,0,-86,0,-86,35,948193,10392,0
948199,-1,153,-1,153,-2,153,-2,153,-3,153,-2,51,-2,52,-2,52,-3,52,-3,52,0,-86,0,-86,0,-87,0,-87,0,-87,35,948229,10426,0
948233,-3,153,-3,153,-3,153,-3,153,-4,153,-3,52,-4,52,-4,52,-4,53,-4,53,0,-88,0,-88,0,-88,0,-88,0,-89,35,948265,10462,0
948269,-4,153,-4,153,-4,153,-4,153,-4,153,-4,53,-4,53,-4,53,-3,53,-3,53,1,-89,1,-89,1,-89,1,-89,1,-89,35,948297,10495,0
948303,-4,153,-3,153,-3,153,-3,153,-2,153,-3,53,-2,53,-2,53,-2,53,-1,53,1,-89,1,-89,1,-89,1,-89,1,-89,35,948333,10530,0
948337,-1,153,-1,153,0,153,0,153,0,153,0,53,0,54,0,54,0,54,0,54,1,-89,1,-89,2,-88,2,-88,2,-87,35,948372,10569,0
948376,0,153,1,153,1,153,1,153,1,153,0,54,1,54,1,54,1,54,1,54,2,-87,1,-87,1,-86,1,-86,1,-85,35,948406,10605,0
948412,2,153,2,152,2,152,2,153,2,153,2,54,3,54,3,54,3,54,3,54,1,-84,1,-84,1,-84,2,-83,3,-83,35,948440,10636,0
948444,2,153,2,153,3,152,4,152,4,152,3,54,3,54,2,54,1,54,1,54,3,-83,4,-83,3,-83,2,-82,2,-82,35,948478,10674,0
948482,5,151,5,151,5,151,4,151,3,150,0,54,0,54,0,54,0,54,0,54,0,-81,0,-81,0,-80,-1,-79,-3,-77,35,948515,10711,0
948519,3,150,3,150,2,150,1,150,1,150,0,54,0,54,1,54,1,54,1,54,-3,-76,-3,-76,-4,-76,-4,-76,-4,-76,35,948547,10745,0
948552,1,150,1,149,1,149,2,149,2,149,1,55,1,55,1,55,0,55,0,55,-4,-76,-3,-77,-3,-77,-2,-78,-1,-79,35,948582,10778,0
948586,2,149,2,148,2,148,2,148,1,147,0,55,0,55,0,55,0,55,0,55,-1,-79,-1,-79,0,-79,0,-79,0,-79,35,948622,10819,0
948626,1,147,1,147,0,147,0,147,0,147,0,55,0,55,0,55,0,55,0,55,0,-79,0,-80,0,-80,0,-80,0,-80,35,948655,10855,0
948662,0,146,-2,146,-2,146,-2,145,-3,145,0,55,-1,55,-1,55,-2,55,-2,55,0,-80,0,-81,0,-81,0,-81,0,-82,35,948690,10887,0
948694,-3,145,-4,145,-5,144,-5,144,-5,144,-2,55,-2,55,-2,55,-2,55,-2,55,0,-82,0,-82,0,-83,0,-84,0,-84,35,948728,10925,0
948732,-5,144,-5,144,-5,144,-5,144,-5,144,-2,55,-2,55,-2,55,-2,55,-3,55,0,-85,0,-85,0,-85,0,-86,0,-86,35,948765,10962,0
948769,-4,144,-4,144,-3,144,-3,144,-2,144,-3,55,-3,55,-2,55,-2,55,-2,55,0,-86,0,-86,0,-86,0,-86,0,-86,35,948797,10995,0
948802,-2,144,-1,144,0,144,0,144,0,145,-2,55,-2,54,-1,54,-1,54,-1,54,0,-86,1,-86,1,-86,1,-86,1,-85,35,948833,11030,0
948837,1,145,1,145,2,145,3,146,3,146,0,54,0,54,0,54,0,53,1,53,0,-85,0,-85,1,-84,1,-84,1,-83,35,948872,11068,0
948875,3,146,4,146,4,146,4,146,4,146,1,53,1,53,2,53,1,53,1,52,1,-83,1,-82,1,-82,1,-82,1,-81,35,948905,11105,0
948912,4,146,4,146,4,146,4,146,3,147,1,52,1,52,1,52,2,52,3,52,1,-81,2,-81,2,-81,1,-81,0,-80,35,948940,11136,0
948944,3,147,3,147,4,147,3,147,3,147,3,52,3,52,3,52,3,52,3,52,0,-80,0,-80,-1,-79,-2,-79,-2,-79,35,948978,11175,0
948982,2,148,1,148,0,148,0,148,0,148,3,52,3,52,2,52,2,52,2,52,-3,-78,-3,-78,-3,-78,-3,-78,-3,-79,35,949015,11211,0
949019,0,148,0,148,0,148,0,148,0,148,2,52,2,52,1,52,1,52,1,52,-3,-79,-3,-79,-1,-80,-1,-80,-1,-80,35,949047,11245,0
949052,0,148,0,148,0,148,0,147,0,147,1,52,1,52,1,52,1,52,0,52,-1,-81,0,-81,0,-81,0,-81,0,-80,35,949083,11279,0
949087,0,147,0,147,0,147,0,148,0,147,0,52,0,52,0,52,0,52,0,52,0,-80,0,-80,0,-80,0,-80,0,-80,35,949122,11318,0
949126,0,147,-1,147,-2,147,-2,147,-2,147,0,52,-1,52,-2,53,-2,53,-2,53,0,-80,0,-80,0,-81,0,-81,0,-81,35,949155,11355,0
949162,-3,147,-3,147,-3,147,-4,147,-4,147,-3,53,-3,53,-3,53,-4,53,-4,54,0,-82,0,-82,0,-82,0,-82,0,-83,35,949190,11386,0
949194,-4,147,-4,147,-4,147,-4,146,-4,146,-4,54,-4,54,-4,54,-3,54,-3,54,0,-83,0,-83,0,-84,1,-84,1,-84,35,949228,11425,0
949232,-4,146,-3,146,-3,146,-3,146,-3,146,-3,54,-3,54,-2,54,-2,54,-1,54,1,-84,0,-84,1,-84,1,-84,1,-84,35,949265,11462,0
949269,-2,146,-2,146,-2,146,-1,146,0,146,-1,54,-1,54,-1,54,0,54,0,54,1,-84,1,-84,1,-84,1,-84,2,-84,35,949297,11495,0
949302,0,146,0,146,0,146,0,146,1,146,0,54,0,54,0,54,0,54,0,54,2,-83,2,-83,2,-83,2,-82,1,-81,35,949332,11528,0
949335,1,146,1,146,1,146,1,146,1,145,0,54,0,54,1,54,2,54,3,54,1,-81,1,-81,1,-80,1,-80,2,-79,35,949372,11568,0
949376,1,145,1,146,2,146,3,146,3,146,3,54,3,54,4,54,4,54,4,54,2,-79,2,-79,3,-79,2,-79,2,-78,35,949405,11605,0
949412,4,146,5,145,5,145,5,145,4,145,3,54,3,54,3,54,3,54,3,54,1,-78,0,-78,0,-78,0,-77,-1,-75,35,949440,11636,0
949444,4,145,4,145,3,146,2,146,1,146,3,54,3,54,2,54,0,54,0,54,-1,-75,-3,-74,-4,-74,-4,-74,-4,-74,35,949478,11675,0
949482,1,146,2,146,2,146,2,146,2,146,0,54,-1,54,-1,54,-1,54,0,54,-4,-75,-4,-76,-3,-76,-3,-77,-1,-78,35,949515,11711,0
949519,2,146,2,146,2,146,2,145,2,145,0,54,0,54,0,54,0,54,0,54,0,-78,0,-79,0,-80,0,-80,0,-80,35,949553,11753,0
949560,1,145,1,145,1,145,0,145,0,145,0,54,0,54,0,54,0,53,0,53,0,-80,0,-80,0,-80,0,-81,0,-81,35,949588,11785,0
949592,0,145,0,144,-1,144,-1,144,-2,144,0,53,0,53,-1,53,-1,53,-2,53,0,-81,0,-82,0,-82,0,-82,0,-83,35,949623,11819,0
949627,-2,144,-2,144,-3,143,-3,143,-4,143,-2,53,-2,53,-2,53,-2,54,-2,54,0,-83,0,-84,0,-85,0,-86,0,-86,35,949664,11861,0
949668,-4,143,-4,143,-4,143,-4,142,-4,142,-2,54,-2,54,-2,54,-3,54,-3,54,0,-86,0,-87,0,-87,0,-88,0,-88,35,949696,11895,0
949702,-4,142,-4,142,-4,142,-4,142,-3,142,-3,54,-3,54,-3,54,-3,54,-2,53,0,-88,0,-88,0,-88,0,-88,0,-89,35,949732,11929,0
949736,-3,142,-3,142,-2,142,-1,142,0,142,-2,53,-2,53,-2,53,-2,53,-1,53,0,-89,0,-89,0,-89,0,-89,1,-88,35,949772,11968,0
949776,0,142,0,142,0,142,2,142,2,143,-1,53,-1,53,0,53,0,53,0,53,1,-88,1,-88,0,-88,1,-87,1,-87,35,949813,12009,0
949817,2,143,3,143,4,143,5,143,5,143,0,53,1,53,2,52,2,52,2,52,1,-87,1,-86,1,-86,1,-86,1,-85,35,949845,12044,0
949852,5,144,4,144,4,144,4,144,4,144,2,52,2,52,2,52,1,52,2,52,1,-85,1,-84,1,-84,2,-84,2,-84,35,949880,12076,0
949883,4,144,4,144,3,144,2,144,2,145,2,52,3,52,3,52,3,52,3,52,2,-84,1,-84,0,-83,-1,-83,-1,-82,35,949921,12117,0
949925,2,145,1,145,0,145,0,145,0,145,3,52,3,52,2,52,2,52,2,52,-1,-82,-2,-82,-3,-81,-3,-81,-3,-81,35,949955,12155,0
949962,0,145,0,145,0,145,0,145,0,145,1,52,1,52,1,52,1,52,1,52,-3,-82,-3,-82,-3,-82,-2,-83,-2,-83,35,949993,12193,0
950000,0,145,0,145,0,145,0,145,0,145,0,52,0,52,0,52,0,52,0,52,-1,-84,-1,-84,-1,-84,0,-84,0,-84,35,950029,12225,0
950033,0,145,0,145,0,145,0,145,0,145,0,52,0,52,0,52,0,52,0,52,0,-84,0,-84,0,-84,0,-84,0,-84,35,950070,12266,0
950074,0,145,0,145,-1,145,-1,145,-2,146,0,52,0,52,-1,52,-1,52,-1,53,0,-84,0,-85,0,-85,0,-85,0,-85,35,950104,12304,0
950112,-2,146,-3,146,-3,146,-3,146,-4,146,-2,53,-2,53,-2,53,-3,53,-3,53,0,-86,0,-86,0,-86,0,-87,0,-87,35,950143,12344,0
950150,-4,146,-4,146,-4,146,-4,146,-3,146,-3,54,-3,54,-3,54,-3,54,-3,54,0,-88,0,-88,0,-88,1,-88,1,-89,35,950179,12376,0
950183,-3,146,-3,146,-2,146,-2,146,-2,147,-3,54,-3,54,-2,54,-2,54,-1,54,1,-89,1,-89,1,-89,1,-89,1,-89,35,950220,12417,0
950224,-2,147,-1,147,-1,147,-1,147,-1,147,-1,54,0,54,0,54,0,54,0,54,1,-89,0,-89,0,-89,0,-89,1,-89,35,950254,12455,0
950262,0,147,0,147,0,147,1,148,1,148,0,54,1,54,1,54,1,54,1,54,1,-89,1,-88,1,-88,1,-88,1,-87,35,950293,12493,0
950300,2,148,2,148,2,148,2,148,2,148,1,54,2,54,2,54,2,54,2,54,1,-87,1,-87,1,-86,1,-85,2,-85,35,950329,12526,0
950332,2,148,2,148,3,148,4,148,5,148,2,54,2,54,2,54,2,54,2,54,2,-85,2,-84,3,-84,2,-83,1,-82,35,950370,12566,0
950374,5,148,5,148,4,148,4,148,3,147,2,54,1,54,1,54,1,54,1,54,1,-82,0,-81,-1,-81,-1,-80,-2,-78,35,950404,12604,0
950411,2,147,1,147,1,147,0,147,0,147,1,54,1,54,1,54,0,54,0,55,-3,-78,-4,-78,-4,-78,-4,-78,-4,-79,35,950439,12635,0
950443,0,147,1,147,1,147,1,146,1,146,0,55,0,55,0,55,0,55,0,55,-4,-79,-3,-80,-2,-81,-1,-82,-1,-82,35,950477,12674,0
950481,1,146,1,146,1,146,1,146,1,146,0,55,0,55,0,55,0,55,0,55,0,-82,0,-82,0,-82,0,-82,0,-82,35,950514,12710,0
950518,1,146,1,146,0,145,0,145,0,145,0,55,0,55,0,54,0,54,0,54,0,-82,0,-82,0,-82,0,-82,0,-82,35,950546,12744,0
950551,0,145,-1,144,-1,144,-1,144,-2,144,0,54,-1,54,-1,54,-1,54,-2,55,0,-83,0,-83,0,-83,0,-83,0,-84,35,950581,12778,0
950585,-2,144,-2,143,-3,143,-4,142,-4,142,-2,55,-2,55,-2,55,-2,55,-2,55,0,-84,0,-84,0,-85,0,-85,0,-86,35,950621,12818,0
950625,-4,142,-4,142,-4,142,-4,142,-4,142,-2,55,-2,55,-2,55,-2,55,-2,55,0,-86,0,-86,0,-87,0,-87,0,-87,35,950655,12854,0
950662,-4,142,-3,142,-3,142,-3,142,-2,142,-2,55,-2,54,-2,54,-2,54,-2,54,0,-87,1,-87,1,-87,1,-87,1,-87,35,950693,12893,0
950700,-2,142,-1,142,-1,142,0,142,0,142,-2,54,-1,54,-1,54,-1,54,-1,54,1,-87,1,-87,1,-86,1,-86,0,-86,35,950729,12926,0
950733,0,142,0,142,1,143,2,143,2,143,-1,54,0,53,0,53,0,53,0,53,0,-86,0,-85,0,-85,0,-84,1,-84,35,950770,12967,0
950774,2,143,3,144,4,144,4,144,4,144,0,53,1,53,2,53,2,52,1,52,1,-84,1,-84,0,-84,0,-83,1,-83,35,950804,13004,0
950811,4,144,4,144,4,144,4,144,4,144,1,52,0,52,0,52,1,52,2,52,1,-83,2,-83,2,-83,2,-82,1,-82,35,950840,13036,0
950844,4,144,3,145,3,145,3,145,3,145,2,52,3,52,3,52,3,51,4,51,1,-82,0,-81,0,-81,0,-80,-1,-79,35,950878,13075,0
950882,3,145,1,146,0,146,0,146,0,146,4,51,3,51,2,51,1,51,1,51,-1,-79,-2,-79,-3,-79,-3,-79,-3,-79,35,950919,13115,0
950923,0,146,0,146,0,146,0,146,0,146,1,51,1,51,1,51,1,51,1,52,-3,-79,-2,-80,-2,-80,-2,-80,-1,-80,35,950954,13154,0
950961,0,145,0,145,0,145,0,145,0,145,0,52,0,52,0,52,1,52,1,52,-1,-80,0,-80,0,-80,0,-80,0,-80,35,950992,13191,0
950999,0,146,0,146,0,146,0,146,0,146,0,52,0,52,0,52,0,52,0,52,0,-80,0,-80,0,-80,0,-80,0,-81,35,951029,13226,0
951033,0,146,-1,146,-2,146,-2,146,-3,146,0,52,-1,52,-1,53,-2,53,-3,53,0,-81,0,-81,0,-81,0,-82,0,-82,35,951070,13266,0
951074,-3,146,-3,146,-4,146,-4,146,-4,146,-3,53,-3,53,-3,53,-3,53,-4,53,0,-82,0,-83,0,-83,0,-83,0,-83,35,951104,13304,0
951111,-4,146,-4,146,-4,146,-4,146,-3,146,-4,54,-4,54,-4,54,-4,54,-3,54,0,-84,0,-84,0,-84,0,-84,0,-85,35,951141,13337,0
951145,-3,146,-3,146,-2,146,-2,147,-2,147,-3,54,-3,54,-2,54,-2,54,-2,54,1,-85,1,-85,1,-85,1,-85,1,-85,35,951178,13375,0
951182,-1,147,-1,147,-1,147,-1,147,0,147,-1,54,0,54,0,54,0,54,0,54,1,-84,1,-84,1,-84,1,-84,1,-84,35,951214,13410,0
951218,0,147,0,148,0,148,1,148,1,148,0,54,0,54,0,54,1,54,1,54,1,-84,1,-83,1,-83,1,-82,1,-82,35,951246,13444,0
951251,1,148,2,148,2,148,2,148,2,148,1,54,1,54,1,54,2,54,2,54,1,-82,0,-81,0,-81,1,-81,1,-80,35,951281,13477,0
951285,2,148,2,148,2,148,3,148,3,149,3,54,3,54,3,54,3,54,3,54,2,-80,2,-80,2,-79,2,-79,2,-79,35,951321,13517,0
951325,3,149,5,148,5,148,5,148,5,148,3,54,2,54,2,54,2,54,2,54,2,-79,1,-78,0,-77,0,-77,0,-75,35,951354,13554,0
951361,4,148,3,148,3,149,2,149,1,148,2,54,1,54,1,54,1,54,0,54,-3,-74,-3,-74,-3,-73,-3,-74,-4,-74,35,951389,13586,0
951393,1,148,1,148,1,148,1,148,1,148,0,54,0,54,-1,55,-1,55,-1,55,-4,-74,-3,-75,-2,-76,-1,-77,-1,-77,35,951427,13624,0
951431,1,148,1,148,1,148,1,147,1,147,-1,55,0,55,0,55,0,55,0,55,0,-78,0,-78,0,-78,0,-79,0,-79,35,951464,13660,0
951468,0,147,0,147,0,147,0,147,0,147,0,55,0,55,0,55,0,54,0,54,0,-79,0,-79,0,-79,0,-79,0,-79,35,951496,13694,0
951501,0,147,0,147,0,147,0,147,-1,146,0,54,0,54,0,54,0,54,-1,54,0,-79,0,-79,0,-79,0,-79,0,-80,35,951531,13727,0
951535,-2,146,-2,146,-2,146,-3,145,-3,145,-1,54,-1,54,-2,54,-2,54,-2,55,0,-80,0,-80,0,-81,0,-81,0,-82,35,951571,13770,0
951575,-3,145,-4,145,-4,145,-4,145,-4,145,-2,55,-2,55,-2,55,-2,55,-2,55,0,-82,0,-83,0,-83,0,-83,0,-84,35,951604,13804,0
951611,-4,144,-4,144,-4,144,-4,144,-3,144,-2,55,-2,55,-2,54,-2,54,-2,54,0,-84,0,-84,0,-84,0,-84,0,-85,35,951639,13836,0
951643,-3,144,-2,144,-2,145,-1,145,-1,145,-2,54,-2,54,-2,54,-2,54,-2,54,0,-85,0,-85,0,-84,0,-84,0,-84,35,951677,13874,0
951681,-1,145,0,145,0,145,0,145,1,145,-2,54,-1,54,-1,54,-1,53,0,53,0,-84,0,-84,0,-84,0,-83,0,-83,35,951714,13910,0
951718,1,145,1,146,3,146,4,146,4,146,0,53,0,53,1,53,1,53,2,53,1,-83,1,-82,1,-81,1,-81,1,-81,35,951746,13944,0
951751,4,147,5,147,5,147,5,147,5,147,2,52,2,52,2,52,2,52,2,52,1,-80,1,-80,1,-80,1,-79,1,-79,35,951781,13977,0
951785,4,147,4,147,3,147,3,147,4,147,2,52,2,52,3,52,3,52,3,52,2,-79,2,-78,1,-78,1,-78,0,-77,35,951821,14017,0
951825,4,147,4,148,2,148,1,148,1,148,3,52,3,51,3,51,2,51,2,51,0,-77,0,-77,-3,-76,-3,-76,-3,-76,35,951854,14054,0
951861,0,148,0,148,0,148,-1,148,-1,148,2,51,1,51,1,52,1,52,1,52,-3,-76,-3,-76,-3,-77,-2,-78,-2,-78,35,951889,14086,0
951893,-1,148,-1,148,0,148,0,148,0,148,1,52,1,52,1,52,0,52,0,52,-2,-78,-1,-79,-1,-79,0,-79,0,-79,35,951927,14124,0
951931,0,148,0,148,0,148,0,148,0,149,0,52,0,52,0,52,0,52,0,52,0,-79,0,-79,0,-79,0,-79,0,-79,35,951964,14160,0
951968,0,149,0,149,0,149,0,149,-1,149,0,53,0,53,0,53,-1,53,-1,53,0,-79,0,-79,0,-79,0,-80,0,-80,35,951996,14194,0
952001,-1,149,-1,149,-1,149,-2,149,-3,149,-1,53,-1,53,-1,53,-2,54,-2,54,0,-80,0,-80,0,-80,0,-81,0,-82,35,952031,14228,0
952035,-3,149,-3,149,-3,149,-4,150,-4,150,-3,54,-3,54,-3,54,-3,54,-3,55,0,-82,0,-82,0,-83,0,-83,0,-84,35,952071,14268,0
952075,-4,150,-3,150,-3,150,-3,150,-3,150,-3,55,-3,55,-2,55,-2,55,-2,55,0,-84,0,-85,0,-85,0,-85,0,-85,35,952104,14304,0
952111,-3,150,-2,150,-2,150,-2,150,-1,151,-2,55,-2,55,-2,55,-1,55,-1,55,1,-85,1,-85,1,-85,1,-85,1,-85,35,952139,14336,0
952143,-1,151,-1,151,0,151,0,151,0,151,-1,55,-1,55,0,55,0,55,0,55,1,-85,1,-85,1,-85,1,-84,1,-84,35,952177,14373,0
952181,0,151,0,151,1,151,1,151,2,151,0,55,0,55,0,55,0,55,1,55,1,-84,2,-84,2,-84,2,-83,2,-83,35,952214,14410,0
952218,2,151,2,151,2,151,2,151,2,151,1,55,1,55,2,55,3,54,3,54,1,-82,1,-82,1,-81,2,-81,2,-81,35,952246,14444,0
952251,2,151,2,152,2,152,3,152,4,152,3,54,3,54,3,54,3,54,2,54,2,-80,3,-80,3,-80,2,-79,1,-79,35,952281,14477,0
952285,4,152,4,152,5,151,4,151,3,151,2,54,2,54,1,54,1,54,1,54,0,-79,0,-78,0,-77,-1,-76,-2,-75,35,952321,14517,0
952325,3,151,3,151,1,151,1,151,1,151,1,54,1,54,0,54,0,54,0,54,-2,-75,-3,-74,-4,-74,-4,-74,-4,-74,35,952354,14554,0
952361,1,151,1,151,1,151,1,151,2,151,0,55,0,55,0,55,-1,55,0,55,-3,-75,-3,-76,-3,-76,-1,-77,-1,-78,35,952390,14586,0
952394,2,151,2,150,1,150,1,150,1,150,0,55,0,55,0,55,0,55,0,55,-1,-78,0,-78,0,-79,0,-79,0,-79,35,952428,14624,0
952432,1,150,1,150,0,150,0,150,0,149,0,55,1,55,0,55,0,55,0,55,0,-79,0,-79,0,-79,0,-79,0,-80,35,952464,14661,0
952468,0,149,0,149,-1,149,-2,148,-2,148,0,54,0,54,0,54,-1,54,-2,54,0,-80,0,-80,0,-81,0,-81,0,-81,35,952497,14694,0
952501,-2,148,-3,148,-3,147,-3,147,-4,147,-2,54,-2,55,-2,55,-2,55,-2,55,0,-82,0,-83,0,-83,0,-83,0,-84,35,952532,14729,0
952536,-4,147,-4,147,-4,147,-4,146,-4,146,-2,55,-2,55,-2,55,-2,55,-2,54,0,-84,0,-84,0,-85,0,-85,0,-86,35,952571,14770,0
952575,-4,146,-4,146,-4,146,-3,146,-3,146,-2,54,-2,54,-2,54,-2,54,-2,54,0,-86,0,-86,0,-86,0,-86,0,-86,35,952604,14804,0
952611,-2,146,-2,146,-2,146,-1,146,0,147,-2,54,-2,54,-2,54,-2,54,-1,54,0,-86,0,-86,0,-86,0,-86,0,-86,35,952639,14835,0
952643,0,147,0,147,0,147,2,147,2,147,-1,54,-1,54,-1,53,0,53,0,53,0,-86,0,-86,0,-85,1,-85,1,-85,35,952677,14873,0
952681,2,147,3,147,4,147,4,148,4,148,0,53,1,53,1,53,1,53,2,52,1,-85,1,-84,1,-84,1,-84,1,-83,35,952714,14911,0
952718,4,148,4,148,4,148,4,148,4,148,1,52,1,52,1,52,1,52,2,52,1,-83,1,-83,1,-82,2,-82,2,-82,35,952746,14944,0
952751,4,148,4,148,4,148,3,148,3,148,2,52,2,52,2,52,3,52,3,52,2,-82,2,-82,2,-82,2,-82,0,-81,35,952781,14977,0
952784,2,148,2,149,1,149,0,149,0,149,3,52,3,52,3,51,2,51,1,51,-1,-81,-1,-80,-2,-80,-3,-80,-4,-80,35,952820,15016,0
952824,0,149,0,149,0,149,0,149,0,149,1,51,1,51,1,52,1,52,1,52,-4,-80,-3,-80,-3,-81,-2,-81,-2,-82,35,952853,15053,0
952860,0,149,0,149,0,149,0,149,0,149,1,52,1,52,1,52,1,52,1,52,-2,-83,-1,-83,-1,-84,-1,-84,-1,-84,35,952888,15085,0
952892,0,149,0,150,0,150,0,150,0,150,1,52,0,52,0,52,1,52,1,52,-1,-84,-1,-84,-1,-85,-1,-85,-1,-85,35,952926,15123,0
952930,0,150,0,150,0,150,0,150,0,150,0,52,0,52,0,52,0,52,0,52,0,-85,0,-85,0,-85,0,-86,0,-86,35,952963,15159,0
952967,0,150,0,150,-1,150,-1,150,-2,150,-1,52,-1,53,-1,53,-2,53,-3,53,0,-86,0,-86,0,-87,0,-87,0,-87,35,952995,15194,0
953001,-2,150,-3,151,-3,150,-3,150,-3,150,-3,53,-3,53,-3,53,-3,53,-4,54,0,-87,0,-88,0,-88,0,-88,0,-88,35,953031,15227,0
953035,-4,150,-4,150,-4,150,-4,150,-3,150,-4,54,-4,54,-4,54,-3,54,-3,54,0,-88,0,-89,0,-89,0,-89,1,-89,35,953070,15266,0
953074,-3,150,-3,150,-3,150,-2,150,-2,150,-3,54,-2,54,-2,54,-1,54,-1,54,1,-89,1,-89,1,-89,1,-89,1,-89,35,953104,15304,0
953111,-1,150,-1,150,-1,150,-1,150,0,150,-1,55,0,55,0,55,0,55,0,55,1,-88,1,-88,1,-88,1,-88,1,-87,35,953139,15336,0
953143,0,150,0,150,1,150,1,150,2,150,0,55,0,55,1,54,1,54,2,54,1,-87,1,-86,1,-86,1,-85,1,-85,35,953177,15373,0
953181,2,150,2,150,2,150,2,150,2,151,2,54,2,54,3,54,3,54,3,54,1,-84,1,-84,2,-84,2,-83,2,-82,35,953213,15409,0
953217,2,151,2,151,3,151,4,151,5,151,3,54,3,54,3,54,2,54,1,54,3,-82,3,-82,3,-81,2,-81,0,-81,35,953245,15443,0
953250,5,151,5,150,5,150,5,150,4,150,1,54,1,54,1,54,2,54,2,54,0,-80,0,-79,0,-79,0,-77,-1,-76,35,953280,15476,0
953284,4,150,3,150,2,150,1,150,1,150,2,54,1,54,0,54,0,54,0,54,-1,-76,-3,-74,-4,-74,-4,-74,-4,-74,35,953320,15516,0
953324,1,150,1,150,1,150,1,149,1,149,0,54,-1,55,-1,55,0,55,0,55,-4,-74,-3,-75,-2,-77,-1,-77,-1,-77,35,953354,15553,0
953360,2,149,2,149,2,149,1,149,1,149,0,55,0,55,0,55,0,55,1,55,0,-78,0,-78,0,-78,0,-78,0,-78,35,953392,15592,0
953399,1,149,1,149,1,149,0,149,0,148,1,55,1,55,1,54,1,54,0,54,0,-78,0,-78,0,-78,0,-78,0,-78,35,953428,15624,0
953432,0,148,0,148,-1,148,-1,148,-2,148,0,54,0,54,-1,54,-1,54,-1,54,0,-78,0,-78,0,-78,0,-78,0,-79,35,953463,15659,0
953467,-3,147,-3,147,-3,147,-4,147,-4,147,-2,54,-2,54,-2,54,-2,54,-3,54,0,-79,0,-79,0,-80,0,-80,0,-80,35,953495,15693,0
953500,-4,147,-4,147,-5,147,-5,147,-5,147,-3,54,-3,54,-3,54,-3,54,-3,54,0,-81,0,-82,0,-82,0,-82,0,-82,35,953531,15728,0
953535,-5,147,-5,146,-4,146,-4,146,-3,147,-3,54,-3,54,-3,54,-3,54,-3,54,0,-82,0,-83,0,-83,0,-83,0,-83,35,953570,15770,0
953574,-3,147,-2,147,-1,147,0,147,0,147,-3,54,-2,54,-2,54,-2,54,-2,54,0,-83,0,-83,1,-83,1,-83,1,-82,35,953603,15803,0
953610,0,147,1,147,1,147,1,147,2,147,-2,54,-1,54,-1,53,0,53,0,53,1,-82,1,-82,1,-81,1,-81,1,-80,35,953638,15835,0
953642,2,147,3,147,4,148,4,148,4,148,0,53,1,53,2,52,2,52,2,52,1,-80,1,-80,1,-79,1,-78,1,-78,35,953676,15873,0
953680,5,148,4,148,4,148,4,148,4,148,2,52,2,52,1,52,1,52,1,52,2,-78,1,-77,2,-77,2,-77,2,-77,35,953713,15909,0
953717,3,148,3,148,2,148,2,148,2,148,1,52,1,52,2,52,2,52,3,52,2,-77,2,-77,1,-77,1,-76,0,-76,35,953745,15943,0
953750,2,148,2,148,2,148,1,149,0,149,3,52,3,51,3,51,3,51,2,51,0,-76,-1,-75,-1,-75,-2,-74,-3,-74,35,953780,15977,0
953784,0,149,0,149,0,149,0,149,0,149,2,51,2,51,1,51,1,51,1,51,-3,-74,-3,-74,-3,-74,-3,-75,-2,-75,35,953820,16017,0
953824,0,149,0,149,0,149,0,149,0,149,1,51,1,52,1,51,1,51,1,51,-2,-75,-2,-76,-1,-76,-1,-76,-1,-76,35,953853,16053,0
953860,0,150,0,150,0,150,0,150,0,150,0,51,0,51,0,51,0,51,0,51,0,-77,0,-77,0,-77,0,-77,0,-77,35,953888,16084,0
953892,0,150,0,150,0,150,0,150,0,150,0,51,0,51,0,51,0,51,0,51,0,-77,0,-77,0,-77,0,-78,0,-78,35,953926,16123,0
953930,0,150,-1,151,-2,151,-2,151,-2,151,0,52,-1,52,-2,52,-2,52,-2,52,0,-78,0,-79,0,-79,0,-79,0,-80,35,953963,16159,0
953967,-2,150,-2,150,-3,151,-3,151,-3,151,-3,52,-3,52,-3,52,-3,53,-3,53,0,-80,0,-80,0,-81,0,-82,0,-82,35,953995,16193,0
954000,-3,151,-4,151,-3,151,-3,151,-3,151,-3,53,-3,53,-3,53,-3,53,-3,53,0,-82,0,-83,0,-83,0,-83,0,-84,35,954031,16228,0
954035,-3,151,-3,151,-2,151,-2,151,-1,151,-3,53,-3,53,-2,53,-2,53,-1,53,0,-84,0,-84,1,-84,1,-85,1,-84,35,954070,16267,0
954074,-1,151,-1,151,0,151,0,151,0,151,-1,53,-1,53,0,53,0,53,0,53,1,-84,1,-84,1,-84,1,-84,1,-84,35,954103,16303,0
954110,0,151,0,151,0,151,1,151,1,151,0,53,0,53,0,53,0,53,1,53,1,-84,1,-84,1,-84,1,-83,1,-83,35,954138,16334,0
954142,1,151,1,151,1,151,1,151,1,151,1,53,1,53,2,53,3,53,3,53,1,-83,1,-83,1,-82,1,-82,2,-82,35,954176,16373,0
954180,1,151,1,151,2,151,2,151,3,151,3,53,3,53,3,53,3,53,2,53,2,-82,2,-82,2,-82,2,-82,2,-81,35,954213,16410,0
954217,4,151,4,151,4,151,4,150,3,150,2,53,2,53,1,53,1,53,1,53,1,-81,1,-81,1,-80,0,-79,0,-79,35,954245,16443,0
954250,3,150,3,150,2,150,2,150,1,150,1,53,1,53,0,53,0,53,0,54,0,-78,-2,-77,-3,-77,-3,-76,-3,-77,35,954280,16476,0
954284,1,150,1,150,1,150,1,150,2,150,0,54,0,54,-1,54,0,54,0,54,-3,-77,-3,-77,-2,-77,-2,-78,-2,-78,35,954320,16516,0
954324,2,150,2,150,2,149,2,149,2,149,0,54,0,54,0,54,1,54,1,54,-2,-78,-1,-79,-1,-79,0,-79,0,-79,35,954353,16553,0
954360,2,149,1,149,1,149,1,149,1,149,1,54,1,54,1,54,2,54,1,54,0,-79,0,-79,0,-80,0,-80,0,-80,35,954389,16586,0
954393,1,149,0,149,0,149,0,149,-1,149,1,54,1,54,0,53,0,53,-1,53,0,-80,0,-81,0,-81,0,-82,0,-82,35,954427,16623,0
954431,-1,149,-2,148,-3,148,-3,148,-3,148,-1,53,-1,53,-2,53,-2,53,-2,53,0,-83,0,-83,0,-83,0,-83,0,-84,35,954463,16659,0
954467,-4,148,-4,148,-4,148,-4,148,-4,148,-3,53,-3,53,-3,53,-3,53,-3,53,0,-84,0,-84,0,-85,0,-85,0,-85,35,954496,16693,0
954500,-4,148,-4,148,-4,148,-4,148,-4,148,-3,53,-3,53,-3,53,-3,53,-3,53,0,-86,0,-86,0,-86,0,-86,0,-86,35,954532,16732,0
954539,-3,148,-2,148,-1,148,-1,148,0,148,-3,53,-2,53,-2,53,-2,53,-2,52,0,-86,0,-86,1,-86,1,-86,1,-86,35,954570,16770,0
954574,0,148,0,148,0,148,1,148,1,148,-2,52,-2,52,-1,52,-1,52,-1,52,1,-86,0,-86,0,-85,0,-85,0,-85,35,954603,16803,0
954610,2,148,2,148,2,148,3,149,4,149,0,52,0,52,0,52,1,52,2,51,0,-85,1,-84,1,-84,1,-84,1,-83,35,954638,16834,0
954642,4,149,4,149,4,149,4,149,4,148,2,51,2,51,2,51,1,51,1,51,1,-83,1,-83,1,-82,1,-82,1,-82,35,954677,16873,0
954680,4,148,4,148,3,148,3,148,3,148,1,51,1,51,2,51,2,51,2,51,1,-82,1,-82,1,-82,1,-81,0,-81,35,954713,16909,0
954717,3,148,3,148,2,148,2,149,0,149,3,51,3,51,3,51,3,51,2,51,0,-80,0,-80,0,-79,-1,-78,-3,-78,35,954745,16943,0
954750,0,149,0,149,0,149,0,148,-1,148,2,51,1,51,1,51,1,51,1,51,-3,-77,-3,-77,-3,-77,-4,-78,-3,-78,35,954780,16977,0
954784,-1,148,-1,148,-1,148,0,149,0,149,1,51,1,51,1,51,1,51,0,51,-3,-78,-3,-79,-2,-79,-1,-79,-1,-79,35,954819,17015,0
954823,0,149,0,149,0,149,0,149,0,149,0,51,0,51,0,51,0,51,0,51,-1,-79,-1,-79,-1,-79,0,-79,0,-79,35,954853,17053,0
954860,0,149,0,149,0,149,0,149,0,149,0,51,0,51,0,51,0,51,0,51,0,-79,0,-79,0,-79,0,-79,0,-79,35,954889,17085,0
954893,0,149,0,149,-1,149,-1,149,-2,149,0,51,0,51,-1,52,-1,52,-2,52,0,-79,0,-80,0,-80,0,-80,0,-80,35,954926,17123,0
954930,-2,150,-2,150,-3,150,-3,150,-3,150,-2,52,-2,52,-3,52,-3,52,-3,53,0,-81,0,-81,0,-81,0,-81,0,-82,35,954963,17160,0
954967,-3,150,-3,150,-3,150,-3,150,-3,150,-3,53,-3,53,-3,53,-3,53,-3,53,0,-82,0,-82,0,-82,0,-83,0,-83,35,954999,17195,0
955003,-3,150,-2,150,-2,150,-2,151,-1,151,-3,53,-2,53,-2,53,-2,53,-1,53,0,-83,1,-83,1,-83,1,-83,1,-83,35,955034,17232,0
955040,-1,151,-1,151,-1,151,-1,151,0,151,-1,53,-1,53,0,53,0,53,0,53,1,-83,1,-82,1,-82,1,-82,1,-82,35,955070,17267,0
955074,0,151,0,151,0,151,0,151,1,151,0,53,0,53,0,53,0,53,1,53,1,-82,1,-82,1,-81,1,-81,1,-81,35,955106,17303,0
955110,1,151,1,151,1,151,1,151,1,151,1,53,1,53,1,53,1,53,2,53,1,-80,1,-80,1,-80,1,-79,1,-79,35,955138,17334,0
955141,1,151,1,152,1,152,2,152,3,152,2,53,2,53,3,53,2,53,2,53,1,-79,1,-78,2,-78,2,-78,2,-78,35,955176,17373,0
955180,3,152,4,152,5,152,5,152,5,152,2,53,1,53,1,53,1,53,1,53,2,-77,1,-77,0,-77,0,-76,0,-75,35,955213,17409,0
955217,4,151,4,151,3,151,3,151,2,151,0,53,0,53,0,53,0,53,0,53,0,-74,0,-74,-1,-73,-2,-72,-2,-72,35,955245,17443,0
955250,2,151,1,151,0,151,0,151,1,150,0,53,0,53,0,53,0,53,-1,53,-2,-72,-2,-72,-2,-72,-2,-72,-2,-72,35,955280,17477,0
955284,1,150,1,150,1,150,1,149,2,149,-1,53,-1,53,0,54,0,54,0,54,-2,-72,-2,-73,-2,-74,-1,-74,-1,-74,35,955319,17516,0
955323,2,149,2,149,1,149,1,149,1,148,0,54,1,54,1,53,1,53,1,53,-1,-74,0,-74,0,-74,0,-74,0,-74,35,955353,17552,0
955359,1,148,0,148,0,148,0,147,0,147,1,53,1,53,1,53,0,53,0,53,0,-74,0,-74,0,-75,0,-75,0,-75,35,955387,17583,0
955391,0,147,-1,146,-1,146,-2,146,-2,146,0,53,0,53,-1,53,-1,53,-1,53,0,-75,0,-76,0,-76,0,-77,0,-77,35,955425,17622,0
955429,-2,145,-3,145,-3,145,-4,145,-4,145,-2,53,-2,53,-2,53,-3,53,-3,53,0,-77,0,-77,0,-77,0,-78,0,-78,35,955462,17658,0
955466,-4,145,-4,144,-4,144,-4,144,-4,144,-3,53,-3,53,-3,53,-3,53,-3,53,0,-78,0,-79,0,-79,0,-79,0,-79,35,955494,17692,0
955499,-4,144,-3,144,-3,144,-3,144,-2,144,-3,53,-3,53,-3,53,-3,53,-3,53,0,-80,0,-80,0,-80,0,-80,0,-80,35,955530,17727,0
955534,-1,144,-1,144,0,144,0,144,0,144,-2,53,-2,53,-2,52,-1,52,-1,52,0,-80,0,-79,0,-79,0,-79,0,-78,35,955569,17770,0
955573,0,144,1,144,2,144,2,144,2,144,-1,52,0,52,0,52,1,52,1,51,0,-78,1,-78,1,-77,1,-77,1,-77,35,955602,17802,0
955609,3,144,3,144,4,144,5,144,5,144,1,51,1,51,2,51,2,51,2,50,1,-76,1,-76,1,-76,1,-75,1,-75,35,955637,17833,0
955641,5,144,5,144,3,144,3,144,3,144,2,50,1,50,1,50,1,50,1,50,1,-75,1,-75,1,-74,1,-74,1,-74,35,955675,17872,0
955679,3,144,3,144,3,144,3,144,2,144,2,50,2,50,2,50,2,50,2,50,1,-74,0,-73,0,-73,0,-73,-1,-72,35,955712,17908,0
955716,1,144,1,144,0,144,0,144,-1,144,2,50,2,50,1,50,1,50,1,50,-2,-72,-2,-72,-3,-72,-3,-72,-3,-72,35,955744,17942,0
955749,-1,144,-1,144,-1,144,-1,144,-1,144,1,50,1,50,2,51,2,51,2,51,-3,-73,-2,-73,-2,-74,-2,-74,-1,-74,35,955780,17977,0
955784,0,144,0,144,0,144,0,144,1,144,1,51,1,51,1,51,1,51,1,51,-1,-74,-1,-75,-1,-75,0,-75,0,-74,35,955819,18016,0
955823,1,144,1,145,1,145,0,145,0,145,1,51,1,51,0,51,0,51,0,51,0,-74,0,-74,0,-74,0,-74,0,-74,35,955852,18052,0
955859,0,145,0,145,0,145,0,145,-1,145,0,51,0,51,0,51,-1,51,-1,52,0,-74,0,-74,0,-74,0,-75,0,-75,35,955887,18084,0
955891,-1,145,-2,145,-3,146,-3,145,-3,145,-1,52,-2,52,-3,52,-3,52,-3,52,0,-75,0,-76,0,-76,0,-77,0,-77,35,955925,18122,0
955929,-3,146,-3,146,-4,146,-4,146,-4,146,-3,53,-3,53,-3,53,-3,53,-3,53,0,-78,0,-78,0,-78,0,-79,0,-79,35,955962,18159,0
955966,-4,146,-4,146,-3,146,-3,146,-3,146,-3,53,-3,53,-2,54,-2,54,-2,54,0,-79,0,-80,0,-80,0,-80,0,-80,35,955994,18192,0
955999,-3,147,-2,147,-1,147,-1,147,-1,147,-2,54,-2,54,-1,54,-1,54,-1,53,0,-80,0,-80,1,-80,1,-80,1,-80,35,956030,18227,0
956034,-1,147,-1,148,0,148,0,148,0,148,-1,53,-1,53,0,53,0,53,0,53,1,-80,1,-80,1,-79,1,-79,1,-79,35,956069,18266,0
956073,0,148,1,148,1,149,2,149,2,149,0,53,0,53,0,53,1,53,1,53,1,-79,1,-78,1,-78,1,-78,1,-77,35,956102,18302,0
956109,2,149,2,149,2,149,2,149,3,149,1,53,2,53,2,53,3,53,3,53,1,-76,2,-76,2,-76,2,-75,3,-74,35,956137,18333,0
956141,3,149,3,150,3,150,4,150,4,150,3,53,3,53,2,52,1,53,0,53,3,-74,3,-74,2,-73,2,-73,1,-73,35,956175,18372,0
956179,4,149,4,149,3,149,3,149,3,149,0,53,0,53,0,53,0,53,0,53,1,-72,0,-72,0,-72,0,-71,-1,-70,35,956212,18408,0
956216,2,149,2,149,2,148,1,148,0,148,0,53,0,53,0,53,0,53,0,53,-2,-70,-2,-69,-2,-68,-2,-68,-2,-68,35,956244,18442,0
956249,0,148,0,148,0,148,1,147,1,147,0,53,0,53,0,53,0,53,0,53,-2,-68,-2,-68,-2,-68,-2,-69,-2,-70,35,956279,18476,0
956283,2,147,2,147,2,146,1,146,1,146,0,53,0,53,0,53,0,53,1,53,-1,-70,-1,-70,-1,-70,0,-71,0,-71,35,956319,18516,0
956323,1,146,1,146,0,145,0,145,0,145,1,53,1,53,1,53,0,53,0,53,0,-71,0,-71,0,-72,0,-72,0,-72,35,956352,18552,0
956359,0,145,0,144,0,144,-1,144,-2,143,0,53,0,53,0,53,-1,53,-1,53,0,-73,0,-73,0,-73,0,-74,0,-74,35,956387,18583,0
956391,-2,143,-2,143,-3,143,-3,142,-3,142,-1,53,-2,53,-2,53,-2,53,-2,53,0,-74,0,-75,0,-76,0,-76,0,-76,35,956425,18622,0
956429,-3,142,-4,141,-4,141,-4,141,-3,141,-2,53,-3,53,-3,53,-3,53,-3,53,0,-77,0,-78,0,-78,0,-78,0,-79,35,956462,18658,0
956466,-3,141,-3,140,-3,140,-3,140,-2,140,-3,53,-3,53,-2,53,-2,53,-2,53,0,-79,0,-79,0,-79,0,-79,0,-79,35,956494,18692,0
956499,-2,140,-2,140,-1,140,-1,139,0,139,-2,53,-2,53,-2,53,-2,53,-1,52,0,-80,0,-80,0,-80,0,-80,0,-80,35,956530,18727,0
956534,0,139,0,139,0,139,0,139,1,139,-1,52,-1,52,-1,52,0,52,0,52,0,-80,0,-79,0,-79,0,-79,1,-79,35,956569,18770,0
956573,1,139,2,139,2,140,4,140,4,140,0,52,1,52,1,51,2,51,2,51,1,-79,1,-79,1,-78,1,-78,1,-78,35,956602,18802,0
956609,4,140,4,140,4,140,4,140,3,140,2,51,2,51,2,51,1,50,1,50,1,-77,1,-77,1,-77,1,-76,1,-76,35,956637,18833,0
